DROP TABLE IF EXISTS discussions_reports;
DROP TABLE IF EXISTS discussions_comments;
DROP TABLE IF EXISTS discussions;
DROP TABLE IF EXISTS user_reports;
DROP TABLE IF EXISTS tasks_comments;
DROP TABLE IF EXISTS tasks;
DROP TABLE IF EXISTS tickets_reports;
DROP TABLE IF EXISTS tickets_comments;
DROP TABLE IF EXISTS tickets;
DROP TABLE IF EXISTS tasks_groups;
DROP TABLE IF EXISTS versions;
DROP TABLE IF EXISTS projects_phases;
DROP TABLE IF EXISTS projects_reports;
DROP TABLE IF EXISTS projects_comments;
DROP TABLE IF EXISTS projects;
DROP TABLE IF EXISTS attachments;
DROP TABLE IF EXISTS events;
DROP TABLE IF EXISTS departments;
DROP TABLE IF EXISTS users;
DROP TABLE IF EXISTS versions_status;
DROP TABLE IF EXISTS users_groups;
DROP TABLE IF EXISTS tickets_types;
DROP TABLE IF EXISTS tickets_status;
DROP TABLE IF EXISTS tasks_types;
DROP TABLE IF EXISTS tasks_status;
DROP TABLE IF EXISTS tasks_priority;
DROP TABLE IF EXISTS tasks_labels;
DROP TABLE IF EXISTS projects_types;
DROP TABLE IF EXISTS projects_status;
DROP TABLE IF EXISTS phases;
DROP TABLE IF EXISTS phases_status;
DROP TABLE IF EXISTS extra_fields_list;
DROP TABLE IF EXISTS extra_fields;
DROP TABLE IF EXISTS discussions_status;
DROP TABLE IF EXISTS configuration;


CREATE TABLE IF NOT EXISTS `configuration` (
  `id` int(11) NOT NULL AUTO_INCREMENT,
  `key` varchar(255) NOT NULL,
  `value` varchar(255) DEFAULT NULL,
  PRIMARY KEY (`id`)
) ENGINE=InnoDB AUTO_INCREMENT=76 DEFAULT CHARSET=utf8;

INSERT IGNORE INTO configuration VALUES
('1','app_administrator_email','bodhicontact@gmail.com'),
('2','app_administrator_password','$P$ETIbqN/Rz9Bz3qnuR48HwLDoJX/U.L0'),
('3','app_app_name','Linda'),
('4','app_app_short_name','Linda'),
('5','app_email_label','Linda -'),
('6','app_default_skin','qdPM'),
('7','sf_default_timezone','Asia/Kolkata'),
('8','sf_default_culture','en'),
('9','app_rows_per_page','30'),
('10','app_custom_short_date_format','d M y'),
('11','app_custom_logn_date_format','M d, Y H:i'),
('12','app_allow_adit_tasks_comments_date','on'),
('13','app_show_menu_icons','off'),
('14','app_show_footer_links','off'),
('15','app_tasks_fields_tasks_version','off'),
('16','app_tasks_fields_tasks_phase','on'),
('17','app_tasks_fields_tasks_group','off'),
('18','app_tasks_fields_priority','on'),
('19','app_tasks_fields_label','on'),
('20','app_tasks_fields_id','off'),
('21','app_tasks_fields_name','on'),
('22','app_tasks_fields_status','on'),
('23','app_tasks_fields_assigned_to','on'),
('24','app_tasks_fields_created_by','off'),
('25','app_tasks_fields_estimated_time','on'),
('26','app_tasks_fields_start_date','off'),
('27','app_tasks_fields_due_date','on'),
('28','app_tasks_fields_progress','on'),
('29','app_tasks_fields_created_at','off'),
('30','app_use_skins','on'),
('31','app_use_related_tasks','on'),
('32','app_use_public_tickets','on'),
('33','app_public_tickets_show_login_link','off'),
('34','app_public_tickets_allow_attachments','on'),
('35','app_use_project_phases','on'),
('36','app_use_project_versions','on'),
('37','app_use_project_discussions','on'),
('38','app_use_tasks_groups','on'),
('39','app_use_tasks_timetracker','on'),
('40','app_use_fck_editor','on'),
('41','app_notify_all_project_team','off'),
('42','app_notify_all_customers','off'),
('43','app_use_single_email','on'),
('44','app_single_email_addres_from','bodhicontact@gmail.com'),
('45','app_single_name_from','Bodhi Info Solutions Pvt Ltd'),
('46','app_use_smtp','off'),
('47','app_smtp_server',NULL),
('48','app_smtp_port','25'),
('49','app_smtp_encryption',NULL),
('50','app_smtp_login',NULL),
('51','app_smtp_pass',NULL),
('52','app_use_ldap_login','off'),
('53','app_ldap_host',NULL),
('54','app_ldap_port',NULL),
('55','app_ldap_base_dn',NULL),
('56','app_ldap_version','3'),
('57','app_use_email_notification','on'),
('58','app_show_user_email','off'),
('59','app_show_user_photo','on'),
('60','app_tasks_fields_type','off'),
('61','app_login_page_heading','Welcome to Bodhi Project Management Software '),
('62','app_login_page_content',NULL),
('63','app_new_user_email_subject','Your account has been created in Bodhi Project Management'),
('64','app_new_user_email_body','Hi [user_name],\r\n\r\nYour account has been created in Bodhi Project Management. Check the credential and login for daily activities in bodhi.\r\n\r\n[user_name]\r\n[login_details]'),
('65','app_amount_previous_comments','2'),
('66','app_rows_limit','150'),
('67','app_tasks_columns_list','TasksPriority,TasksLabels,Name,TasksStatus,AssignedTo,EstimatedTime,StartDate,DueDate,Progress'),
('68','app_send_email_to_owner','off'),
('69','app_public_tickets_use_antispam','on'),
('70','app_app_logo','Untitled-1.jpg'),
('71','app_use_javascript_dropdown','on'),
('72','app_notify_all_tasks','off'),
('73','app_notify_all_tickets','off'),
('74','app_notify_all_discussions','on'),
('75','app_login_background','bg_1.jpg');

CREATE TABLE IF NOT EXISTS `discussions_status` (
  `id` int(11) NOT NULL AUTO_INCREMENT,
  `name` varchar(255) DEFAULT NULL,
  `sort_order` int(11) DEFAULT '0',
  `default_value` tinyint(1) DEFAULT NULL,
  `active` tinyint(1) DEFAULT NULL,
  PRIMARY KEY (`id`)
) ENGINE=InnoDB AUTO_INCREMENT=3 DEFAULT CHARSET=utf8;

INSERT IGNORE INTO discussions_status VALUES
('1','Open','0','1','1'),
('2','Closed','1',NULL,'1');

CREATE TABLE IF NOT EXISTS `extra_fields` (
  `id` int(11) NOT NULL AUTO_INCREMENT,
  `name` varchar(255) NOT NULL DEFAULT '',
  `bind_type` varchar(64) NOT NULL DEFAULT '',
  `type` varchar(64) DEFAULT NULL,
  `sort_order` int(11) DEFAULT '0',
  `active` tinyint(1) DEFAULT NULL,
  `display_in_list` tinyint(1) DEFAULT NULL,
  PRIMARY KEY (`id`)
) ENGINE=InnoDB AUTO_INCREMENT=21 DEFAULT CHARSET=utf8;

INSERT IGNORE INTO extra_fields VALUES
('1','Review Brief','projects','date','4','1',NULL),
('2','Design','projects','date','5','1',NULL),
('3','Development','projects','date','6','1',NULL),
('4','Site Test','projects','date','9','1',NULL),
('5','UAT','projects','date','10','1',NULL),
('6','Go Live','projects','date','11','1',NULL),
('7','Live Url','projects','url','12','1',NULL),
('8','Test Url','projects','url','8','1',NULL),
('9','Phone','users','text','4','1','1'),
('10','Team Leader','projects','text','2','1','1'),
('11','Test Leader','projects','text','7','1','1'),
('12','Quote No','projects','text','0','1','1'),
('13','Parked Reason','projects','text','3','1',NULL),
('14','Project Technology','projects','text','1','1',NULL),
('15','Order','users','number','10','1','1'),
('16','Date of Birth','users','date','0','1','1'),
('17','Joined Date','users','date','1','1','1'),
('18','Address','users','textarea','3','1',NULL),
('19','Employee Code','users','text','2','1',NULL),
('20','Remark','tasks','textarea_wysiwyg','0','1','1');

CREATE TABLE IF NOT EXISTS `extra_fields_list` (
  `id` int(11) NOT NULL AUTO_INCREMENT,
  `extra_fields_id` int(11) NOT NULL DEFAULT '0',
  `bind_id` int(11) NOT NULL DEFAULT '0',
  `value` text NOT NULL,
  PRIMARY KEY (`id`),
  KEY `fk_extra_fields_list_extra_fields` (`extra_fields_id`),
  CONSTRAINT `extra_fields_list_ibfk_1` FOREIGN KEY (`extra_fields_id`) REFERENCES `extra_fields` (`id`) ON DELETE CASCADE ON UPDATE CASCADE
) ENGINE=InnoDB AUTO_INCREMENT=1424 DEFAULT CHARSET=utf8;

INSERT IGNORE INTO extra_fields_list VALUES
('95','9','9','8157830007'),
('96','9','5','9744846866'),
('97','9','16','9605134048'),
('98','9','10','9567129796'),
('99','7','7',''),
('100','8','7',''),
('101','1','7',''),
('102','2','7',''),
('103','3','7',''),
('104','4','7',''),
('105','5','7',''),
('106','9','11','9605616572'),
('107','7','8',''),
('108','8','8',''),
('109','1','8',''),
('110','2','8',''),
('111','3','8',''),
('112','4','8',''),
('113','5','8',''),
('114','7','9',''),
('115','8','9',''),
('116','1','9',''),
('117','2','9',''),
('118','3','9',''),
('119','4','9',''),
('120','5','9',''),
('121','9','3','8086490007'),
('122','7','10','https://handmadesofa.in'),
('123','8','10','https://handmadesofa.bodhiinfo.com'),
('124','1','10',''),
('125','2','10',''),
('126','3','10',''),
('127','4','10',''),
('128','5','10',''),
('129','7','11','http://abcpappa.com/'),
('130','8','11','http://192.168.2.30/abcpappaNew/'),
('131','1','11',''),
('132','2','11',''),
('133','3','11',''),
('134','4','11',''),
('135','5','11',''),
('136','7','12',''),
('137','8','12',''),
('138','1','12',''),
('139','2','12','2016-04-04'),
('140','3','12',''),
('141','4','12',''),
('142','5','12',''),
('143','7','13','http://nrtraders.com'),
('144','8','13','http://bodhiinfo.com/demo/nrtraders'),
('145','1','13',''),
('146','2','13','2016-04-02'),
('147','3','13',''),
('148','4','13',''),
('149','5','13',''),
('150','7','14',''),
('151','8','14','unilux.bodhiinfo.com'),
('152','1','14',''),
('153','2','14','2016-04-04'),
('154','3','14',''),
('155','4','14',''),
('156','5','14',''),
('157','7','15','http://ism.bodhiinfo.com/'),
('158','8','15',''),
('159','1','15',''),
('160','2','15',''),
('161','3','15',''),
('162','4','15',''),
('163','5','15',''),
('164','7','16','http://lapiz.bodhiinfo.com/'),
('165','8','16',''),
('166','1','16',''),
('167','2','16',''),
('168','3','16',''),
('169','4','16',''),
('170','5','16',''),
('171','7','17','http://bodhiinfo.com/demo/london/'),
('172','8','17',''),
('173','1','17',''),
('174','2','17',''),
('175','3','17',''),
('176','4','17',''),
('177','5','17',''),
('178','7','18','http://ymax.bodhiinfo.com/'),
('179','8','18',''),
('180','1','18',''),
('181','2','18',''),
('182','3','18',''),
('183','4','18',''),
('184','5','18',''),
('185','7','19',''),
('186','8','19',''),
('187','1','19',''),
('188','2','19','2016-03-09'),
('189','3','19',''),
('190','4','19',''),
('191','5','19',''),
('192','7','20','ridhibiz.com'),
('193','8','20','ridhibiz.com'),
('194','1','20',''),
('195','2','20',''),
('196','3','20',''),
('197','4','20',''),
('198','5','20',''),
('199','7','21','livekeralanews.com'),
('200','8','21',''),
('201','1','21',''),
('202','2','21',''),
('203','3','21',''),
('204','4','21',''),
('205','5','21',''),
('206','7','22','http://www.jumakhutba.in/'),
('207','8','22',''),
('208','1','22',''),
('209','2','22',''),
('210','3','22',''),
('211','4','22',''),
('212','5','22',''),
('213','7','23','suprabhaatham.com'),
('214','8','23','suprabhaatham.bodhiinfo.com'),
('215','1','23',''),
('216','2','23',''),
('217','3','23',''),
('218','4','23',''),
('219','5','23',''),
('220','7','24','dyfikannur.com'),
('221','8','24',''),
('222','1','24',''),
('223','2','24',''),
('224','3','24',''),
('225','4','24',''),
('226','5','24',''),
('227','7','25',''),
('228','8','25',''),
('229','1','25',''),
('230','2','25',''),
('231','3','25',''),
('232','4','25',''),
('233','5','25',''),
('234','7','26','http://pollingbooth.co.in/'),
('235','8','26',''),
('236','1','26',''),
('237','2','26',''),
('238','3','26',''),
('239','4','26',''),
('240','5','26',''),
('241','7','27',''),
('242','8','27',''),
('243','1','27','2016-06-06'),
('244','2','27','2016-06-07'),
('245','3','27','2016-06-16'),
('246','4','27','2016-07-04'),
('247','5','27',''),
('248','7','28',''),
('249','8','28','http://bodhiinfo.com/demo/newidealceramic/'),
('250','1','28','2016-07-18'),
('251','2','28','2016-07-23'),
('252','3','28','2016-07-21'),
('253','4','28','2016-07-27'),
('254','5','28','2016-07-29'),
('255','9','15','8281938033'),
('256','7','29',''),
('257','8','29',''),
('258','1','29',''),
('259','2','29',''),
('260','3','29',''),
('261','4','29',''),
('262','5','29',''),
('263','9','14','9645500289'),
('264','9','8','8893132738'),
('265','7','30',''),
('266','8','30',''),
('267','1','30','2016-07-22'),
('268','2','30','2016-07-24'),
('269','3','30','2016-08-06'),
('270','4','30','2016-08-08'),
('271','5','30','2016-08-09'),
('272','7','31',''),
('273','8','31',''),
('274','1','31',''),
('275','2','31',''),
('276','3','31',''),
('277','4','31',''),
('278','5','31',''),
('279','7','32','www.keralablindassociation.com'),
('280','8','32',''),
('281','1','32','2016-08-02'),
('282','2','32','2016-08-03'),
('283','3','32','2016-08-03'),
('284','4','32','2016-08-11'),
('285','5','32',''),
('286','7','33',''),
('287','8','33',''),
('288','1','33','2016-08-17'),
('289','2','33','2016-09-03'),
('290','3','33','2016-09-26'),
('291','4','33','2016-10-01'),
('292','5','33','2016-10-03'),
('293','9','24','8606240007'),
('294','7','34',''),
('295','8','34',''),
('296','1','34','2016-09-28'),
('297','2','34',''),
('298','3','34',''),
('299','4','34',''),
('300','5','34',''),
('301','7','35',''),
('302','8','35',''),
('303','1','35',''),
('304','2','35',''),
('305','3','35',''),
('306','4','35',''),
('307','5','35',''),
('308','7','36',''),
('309','8','36',''),
('310','1','36',''),
('311','2','36',''),
('312','3','36',''),
('313','4','36',''),
('314','5','36',''),
('315','7','37',''),
('316','8','37',''),
('317','1','37',''),
('318','2','37',''),
('319','3','37',''),
('320','4','37',''),
('321','5','37',''),
('322','7','38',''),
('323','8','38',''),
('324','1','38',''),
('325','2','38',''),
('326','3','38',''),
('327','4','38',''),
('328','5','38',''),
('329','7','39',''),
('330','8','39',''),
('331','1','39',''),
('332','2','39',''),
('333','3','39',''),
('334','4','39',''),
('335','5','39',''),
('336','7','40',''),
('337','8','40',''),
('338','1','40',''),
('339','2','40',''),
('340','3','40',''),
('341','4','40',''),
('342','5','40',''),
('343','7','41',''),
('344','8','41',''),
('345','1','41',''),
('346','2','41',''),
('347','3','41',''),
('348','4','41',''),
('349','5','41',''),
('350','7','42',''),
('351','8','42',''),
('352','1','42','2016-10-29'),
('353','2','42','2016-10-27'),
('354','3','42','2016-10-28'),
('355','4','42','2016-11-22'),
('356','5','42','2016-12-01'),
('357','7','43',''),
('358','8','43',''),
('359','1','43',''),
('360','2','43',''),
('361','3','43',''),
('362','4','43',''),
('363','5','43',''),
('364','7','44',''),
('365','8','44',''),
('366','1','44',''),
('367','2','44',''),
('368','3','44',''),
('369','4','44',''),
('370','5','44',''),
('371','7','45',''),
('372','8','45',''),
('373','1','45',''),
('374','2','45',''),
('375','3','45',''),
('376','4','45',''),
('377','5','45',''),
('378','7','46',''),
('379','8','46',''),
('380','1','46',''),
('381','2','46',''),
('382','3','46',''),
('383','4','46',''),
('384','5','46',''),
('385','7','47','http://bodhiinfo.com/demo/ente-angadi/'),
('386','8','47','http://bodhiinfo.com/demo/test_angadi/'),
('387','1','47',''),
('388','2','47',''),
('389','3','47',''),
('390','4','47',''),
('391','5','47',''),
('392','7','48',''),
('393','8','48',''),
('394','1','48',''),
('395','2','48',''),
('396','3','48',''),
('397','4','48',''),
('398','5','48',''),
('399','7','49',''),
('400','8','49',''),
('401','1','49',''),
('402','2','49',''),
('403','3','49',''),
('404','4','49',''),
('405','5','49',''),
('406','7','50',''),
('407','8','50',''),
('408','1','50',''),
('409','2','50',''),
('410','3','50',''),
('411','4','50',''),
('412','5','50',''),
('413','7','51',''),
('414','8','51',''),
('415','1','51',''),
('416','2','51',''),
('417','3','51',''),
('418','4','51',''),
('419','5','51',''),
('420','7','52',''),
('421','8','52',''),
('422','1','52',''),
('423','2','52',''),
('424','3','52',''),
('425','4','52',''),
('426','5','52',''),
('427','7','53',''),
('428','8','53',''),
('429','1','53',''),
('430','2','53',''),
('431','3','53',''),
('432','4','53',''),
('433','5','53',''),
('434','7','54',''),
('435','8','54',''),
('436','1','54',''),
('437','2','54',''),
('438','3','54',''),
('439','4','54',''),
('440','5','54',''),
('441','7','55',''),
('442','8','55',''),
('443','1','55',''),
('444','2','55','2017-02-20'),
('445','3','55',''),
('446','4','55',''),
('447','5','55',''),
('448','7','56',''),
('449','8','56',''),
('450','1','56',''),
('451','2','56',''),
('452','3','56',''),
('453','4','56',''),
('454','5','56',''),
('455','9','21','9746111193'),
('457','9','7','9061780007'),
('458','9','23','9061480007'),
('459','9','20',''),
('460','9','19','9744089558'),
('461','9','18','9746410718'),
('462','9','17','9400976133'),
('463','9','22','9995646254'),
('464','9','13',''),
('465','9','12',''),
('466','9','6','8086460007'),
('467','10','36',''),
('468','11','36',''),
('469','6','36',''),
('470','10','31',''),
('471','11','31',''),
('472','6','31',''),
('473','10','39',''),
('474','11','39',''),
('475','6','39',''),
('476','7','57',''),
('477','10','57','Arjun C L'),
('478','11','57',''),
('479','8','57',''),
('480','1','57','2016-11-16'),
('481','2','57',''),
('482','3','57',''),
('483','4','57',''),
('484','5','57',''),
('485','6','57',''),
('486','10','42','Rashid'),
('487','11','42','Rashid'),
('488','6','42',''),
('489','10','29',''),
('490','11','29',''),
('491','6','29',''),
('492','12','29',''),
('493','12','44',''),
('494','10','44',''),
('495','11','44',''),
('496','6','44',''),
('497','12','25',''),
('498','10','25',''),
('499','11','25',''),
('500','6','25',''),
('501','12','8',''),
('502','10','8',''),
('503','11','8',''),
('504','6','8',''),
('505','12','19',''),
('506','10','19',''),
('507','11','19',''),
('508','6','19',''),
('509','12','7',''),
('510','10','7',''),
('511','11','7',''),
('512','6','7',''),
('513','12','15',''),
('514','10','15',''),
('515','11','15',''),
('516','6','15',''),
('517','12','11',''),
('518','10','11',''),
('519','11','11',''),
('520','6','11',''),
('521','12','48',''),
('522','10','48',''),
('523','11','48',''),
('524','6','48',''),
('525','12','27',''),
('526','10','27',''),
('527','11','27',''),
('528','6','27',''),
('529','12','34',''),
('530','10','34',''),
('531','11','34',''),
('532','6','34',''),
('533','12','47',''),
('534','10','47',''),
('535','11','47',''),
('536','6','47',''),
('537','12','33',''),
('538','10','33',''),
('539','11','33',''),
('540','6','33',''),
('541','12','42','255'),
('542','12','53',''),
('543','10','53',''),
('544','11','53',''),
('545','6','53',''),
('546','12','38','243'),
('547','10','38',''),
('548','11','38',''),
('549','6','38',''),
('550','12','56',''),
('551','10','56',''),
('552','11','56',''),
('553','6','56',''),
('554','12','37',''),
('555','10','37',''),
('556','11','37',''),
('557','6','37',''),
('558','12','52',''),
('559','10','52',''),
('560','11','52',''),
('561','6','52',''),
('562','12','40',''),
('563','10','40',''),
('564','11','40',''),
('565','6','40',''),
('566','12','45','256'),
('567','10','45',''),
('568','11','45',''),
('569','6','45',''),
('570','12','43',''),
('571','10','43',''),
('572','11','43',''),
('573','6','43',''),
('574','12','54',''),
('575','10','54',''),
('576','11','54',''),
('577','6','54',''),
('578','12','50',''),
('579','10','50',''),
('580','11','50',''),
('581','6','50',''),
('582','12','55','241'),
('583','10','55','Rashid'),
('584','11','55',''),
('585','6','55',''),
('586','12','57',''),
('587','12','24',''),
('588','10','24',''),
('589','11','24',''),
('590','6','24',''),
('591','12','12',''),
('592','10','12',''),
('593','11','12',''),
('594','6','12',''),
('595','12','16',''),
('596','10','16',''),
('597','11','16',''),
('598','6','16',''),
('599','12','14',''),
('600','10','14',''),
('601','11','14',''),
('602','6','14',''),
('603','12','28',''),
('604','10','28',''),
('605','11','28',''),
('606','6','28',''),
('607','12','17',''),
('608','10','17',''),
('609','11','17',''),
('610','6','17',''),
('611','7','58',''),
('612','12','58','275'),
('613','10','58','Shafeeque'),
('614','11','58',''),
('615','8','58',''),
('616','1','58','2016-11-11'),
('617','2','58','2016-11-24'),
('618','3','58',''),
('619','4','58',''),
('620','5','58',''),
('621','6','58',''),
('622','12','49',''),
('623','10','49',''),
('624','11','49',''),
('625','6','49',''),
('626','12','41',''),
('627','10','41','Shafeeque'),
('628','11','41','swathi'),
('629','6','41',''),
('630','12','51',''),
('631','10','51',''),
('632','11','51',''),
('633','6','51',''),
('634','7','59',''),
('635','12','59','279'),
('636','10','59','Shafeeque'),
('637','11','59','Swathi'),
('638','8','59','http://azalea.bodhiinfo.com/'),
('639','1','59',''),
('640','2','59',''),
('641','3','59',''),
('642','4','59',''),
('643','5','59',''),
('644','6','59',''),
('645','7','60',''),
('646','12','60','282'),
('647','10','60','Shafeeque'),
('648','11','60','Swathi'),
('649','8','60',''),
('650','1','60',''),
('651','2','60',''),
('652','3','60',''),
('653','4','60',''),
('654','5','60',''),
('655','6','60',''),
('656','14','42','iOS'),
('657','13','42',''),
('658','14','41',''),
('659','13','41',''),
('660','14','60',''),
('661','13','60',''),
('662','14','59',''),
('663','13','59',''),
('664','14','58','PHP'),
('665','13','58',''),
('666','14','57','Android + Web'),
('667','13','57',''),
('668','12','22',''),
('669','14','22','Android + PHP'),
('670','10','22',''),
('671','13','22','client didnt create play store account'),
('672','11','22',''),
('673','6','22',''),
('674','14','24','Android'),
('675','13','24','client didnt create play store account'),
('676','14','17',''),
('677','13','17',''),
('678','14','19',''),
('679','13','19',''),
('680','14','47',''),
('681','13','47',''),
('682','14','15',''),
('683','13','15',''),
('684','14','7',''),
('685','13','7',''),
('686','14','27',''),
('687','13','27',''),
('688','14','34',''),
('689','13','34',''),
('690','14','29',''),
('691','13','29',''),
('692','14','48',''),
('693','13','48',''),
('694','14','51',''),
('695','13','51',''),
('696','14','12',''),
('697','13','12',''),
('698','14','16',''),
('699','13','16',''),
('700','14','8',''),
('701','13','8',''),
('702','14','28',''),
('703','13','28',''),
('704','14','14',''),
('705','13','14',''),
('706','14','25',''),
('707','13','25',''),
('708','14','53',''),
('709','13','53',''),
('710','14','38',''),
('711','13','38',''),
('712','14','56',''),
('713','13','56',''),
('714','14','52',''),
('715','13','52',''),
('716','14','40',''),
('717','13','40',''),
('718','14','45',''),
('719','13','45',''),
('720','14','43',''),
('721','13','43',''),
('722','14','50',''),
('723','13','50',''),
('724','14','55',''),
('725','13','55',''),
('726','14','37',''),
('727','13','37',''),
('728','14','11',''),
('729','13','11',''),
('730','14','33',''),
('731','13','33',''),
('732','12','30',''),
('733','14','30',''),
('734','10','30',''),
('735','13','30',''),
('736','11','30',''),
('737','6','30',''),
('738','12','10',''),
('739','14','10',''),
('740','10','10',''),
('741','13','10',''),
('742','11','10',''),
('743','6','10',''),
('744','12','36',''),
('745','14','36',''),
('746','13','36',''),
('747','12','26',''),
('748','14','26',''),
('749','10','26',''),
('750','13','26',''),
('751','11','26',''),
('752','6','26',''),
('753','12','9',''),
('754','14','9',''),
('755','10','9',''),
('756','13','9',''),
('757','11','9',''),
('758','6','9',''),
('759','12','32',''),
('760','14','32',''),
('761','10','32',''),
('762','13','32',''),
('763','11','32',''),
('764','6','32',''),
('765','12','21',''),
('766','14','21',''),
('767','10','21',''),
('768','13','21',''),
('769','11','21',''),
('770','6','21',''),
('771','12','13',''),
('772','14','13',''),
('773','10','13',''),
('774','13','13',''),
('775','11','13',''),
('776','6','13',''),
('777','12','20',''),
('778','14','20',''),
('779','10','20',''),
('780','13','20',''),
('781','11','20',''),
('782','6','20',''),
('783','12','23',''),
('784','14','23',''),
('785','10','23','Shafeeque'),
('786','13','23',''),
('787','11','23',''),
('788','6','23',''),
('789','12','18',''),
('790','14','18',''),
('791','10','18',''),
('792','13','18',''),
('793','11','18',''),
('794','6','18',''),
('795','12','39',''),
('796','14','39',''),
('797','13','39',''),
('798','14','49',''),
('799','13','49',''),
('800','12','46',''),
('801','14','46',''),
('802','10','46',''),
('803','13','46',''),
('804','11','46',''),
('805','6','46',''),
('806','14','54',''),
('807','13','54',''),
('808','12','35',''),
('809','14','35',''),
('810','10','35',''),
('811','13','35',''),
('812','11','35',''),
('813','6','35',''),
('814','12','31',''),
('815','14','31',''),
('816','13','31',''),
('817','14','44',''),
('818','13','44',''),
('819','12','61','297'),
('820','14','61','PHP'),
('821','10','61','Rashid Sir'),
('822','13','61',''),
('823','1','61','2016-12-26'),
('824','2','61','2016-12-27'),
('825','4','61','2017-01-20'),
('826','3','61','2016-12-28'),
('827','11','61','sinan'),
('828','8','61',''),
('829','5','61',''),
('830','6','61',''),
('831','7','61',''),
('832','12','62','297'),
('833','14','62',''),
('834','10','62','Rashid Sir'),
('835','13','62',''),
('836','1','62',''),
('837','2','62',''),
('838','4','62',''),
('839','3','62',''),
('840','11','62',''),
('841','8','62',''),
('842','5','62',''),
('843','6','62',''),
('844','7','62',''),
('845','15','6','1'),
('846','15','25','2'),
('847','9','25','8086470007'),
('848','15','7','4'),
('849','15','8','5'),
('850','15','9','6'),
('851','15','14','7'),
('852','15','18','8'),
('853','15','15','9'),
('854','15','16','10'),
('855','15','11','11'),
('856','15','17','12'),
('857','15','5','13'),
('858','15','10','14'),
('859','15','19','15'),
('860','15','21','16'),
('861','15','22','17'),
('862','15','23','18'),
('863','15','24','19'),
('864','15','3','3'),
('865','12','63','290'),
('866','14','63',''),
('867','10','63','Shafeeque'),
('868','13','63',''),
('869','1','63',''),
('870','2','63',''),
('871','3','63',''),
('872','11','63',''),
('873','8','63',''),
('874','4','63',''),
('875','5','63',''),
('876','6','63',''),
('877','7','63',''),
('878','12','64',''),
('879','14','64',''),
('880','10','64','shafeeque'),
('881','13','64',''),
('882','1','64',''),
('883','2','64',''),
('884','3','64',''),
('885','11','64','swathi'),
('886','8','64',''),
('887','4','64',''),
('888','5','64',''),
('889','6','64',''),
('890','7','64',''),
('891','12','65',''),
('892','14','65','Android'),
('893','10','65',''),
('894','13','65',''),
('895','1','65',''),
('896','2','65',''),
('897','3','65',''),
('898','11','65',''),
('899','8','65',''),
('900','4','65',''),
('901','5','65',''),
('902','6','65',''),
('903','7','65',''),
('904','12','66','309'),
('905','14','66','.net'),
('906','10','66','Rashid'),
('907','13','66',''),
('908','1','66',''),
('909','2','66',''),
('910','3','66',''),
('911','11','66',''),
('912','8','66',''),
('913','4','66',''),
('914','5','66',''),
('915','6','66',''),
('916','7','66',''),
('917','15','26','20'),
('918','9','26',''),
('919','12','67','326'),
('920','14','67',''),
('921','10','67','shafeeque'),
('922','13','67',''),
('923','1','67',''),
('924','2','67',''),
('925','3','67',''),
('926','11','67',''),
('927','8','67',''),
('928','4','67',''),
('929','5','67',''),
('930','6','67',''),
('931','7','67',''),
('932','12','68','344'),
('933','14','68',''),
('934','10','68','shafeeque'),
('935','13','68',''),
('936','1','68',''),
('937','2','68',''),
('938','3','68',''),
('939','11','68',''),
('940','8','68',''),
('941','4','68',''),
('942','5','68',''),
('943','6','68',''),
('944','7','68',''),
('945','12','69',''),
('946','14','69','Android + PHP'),
('947','10','69','Rashid'),
('948','13','69',''),
('949','1','69',''),
('950','2','69','2017-02-16'),
('951','3','69','2017-02-17'),
('952','11','69',''),
('953','8','69',''),
('954','4','69',''),
('955','5','69',''),
('956','6','69',''),
('957','7','69',''),
('958','12','70','310'),
('959','14','70',''),
('960','10','70','shafeeque'),
('961','13','70',''),
('962','1','70',''),
('963','2','70',''),
('964','3','70',''),
('965','11','70',''),
('966','8','70',''),
('967','4','70',''),
('968','5','70',''),
('969','6','70',''),
('970','7','70',''),
('971','12','71','321'),
('972','14','71','Pyro Cms'),
('973','10','71','shafeeque'),
('974','13','71',''),
('975','1','71',''),
('976','2','71',''),
('977','3','71',''),
('978','11','71',''),
('979','8','71',''),
('980','4','71',''),
('981','5','71',''),
('982','6','71',''),
('983','7','71',''),
('984','12','72','275'),
('985','14','72',''),
('986','10','72','shafeeque'),
('987','13','72',''),
('988','1','72',''),
('989','2','72',''),
('990','3','72',''),
('991','11','72',''),
('992','8','72',''),
('993','4','72',''),
('994','5','72',''),
('995','6','72',''),
('996','7','72',''),
('997','12','73','353'),
('998','14','73','Wordpress'),
('999','10','73','Shafeeque'),
('1000','13','73',''),
('1001','1','73','2017-02-21'),
('1002','2','73','2017-02-21'),
('1003','3','73',''),
('1004','11','73',''),
('1005','8','73',''),
('1006','4','73',''),
('1007','5','73',''),
('1008','6','73',''),
('1009','7','73',''),
('1010','15','27','21'),
('1011','9','27',''),
('1012','15','28','22'),
('1013','9','28',''),
('1014','12','74',''),
('1015','14','74','SEO'),
('1016','10','74',''),
('1017','13','74',''),
('1018','1','74',''),
('1019','2','74',''),
('1020','3','74',''),
('1021','11','74',''),
('1022','8','74',''),
('1023','4','74',''),
('1024','5','74',''),
('1025','6','74',''),
('1026','7','74','www.bodhiinfo.com'),
('1027','12','75',''),
('1028','14','75',''),
('1029','10','75',''),
('1030','13','75',''),
('1031','1','75',''),
('1032','2','75',''),
('1033','3','75',''),
('1034','11','75',''),
('1035','8','75',''),
('1036','4','75',''),
('1037','5','75',''),
('1038','6','75',''),
('1039','7','75',''),
('1040','12','76','359'),
('1041','14','76',''),
('1042','10','76','BINFAS'),
('1043','13','76',''),
('1044','1','76',''),
('1045','2','76',''),
('1046','3','76',''),
('1047','11','76',''),
('1048','8','76',''),
('1049','4','76',''),
('1050','5','76',''),
('1051','6','76',''),
('1052','7','76',''),
('1053','12','77','359'),
('1054','14','77',''),
('1055','10','77',''),
('1056','13','77',''),
('1057','1','77',''),
('1058','2','77',''),
('1059','3','77',''),
('1060','11','77',''),
('1061','8','77',''),
('1062','4','77',''),
('1063','5','77',''),
('1064','6','77',''),
('1065','7','77',''),
('1066','12','78',''),
('1067','14','78',''),
('1068','10','78',''),
('1069','13','78',''),
('1070','1','78',''),
('1071','2','78',''),
('1072','3','78',''),
('1073','11','78',''),
('1074','8','78',''),
('1075','4','78',''),
('1076','5','78',''),
('1077','6','78',''),
('1078','7','78',''),
('1079','12','79',''),
('1080','14','79',''),
('1081','10','79',''),
('1082','13','79',''),
('1083','1','79',''),
('1084','2','79',''),
('1085','3','79',''),
('1086','11','79',''),
('1087','8','79',''),
('1088','4','79',''),
('1089','5','79',''),
('1090','6','79',''),
('1091','7','79',''),
('1092','12','80',''),
('1093','14','80',''),
('1094','10','80',''),
('1095','13','80',''),
('1096','1','80',''),
('1097','2','80',''),
('1098','3','80',''),
('1099','11','80',''),
('1100','8','80',''),
('1101','4','80',''),
('1102','5','80',''),
('1103','6','80',''),
('1104','7','80',''),
('1105','12','81',''),
('1106','14','81',''),
('1107','10','81',''),
('1108','13','81',''),
('1109','1','81',''),
('1110','2','81',''),
('1111','3','81',''),
('1112','11','81',''),
('1113','8','81',''),
('1114','4','81',''),
('1115','5','81',''),
('1116','6','81',''),
('1117','7','81',''),
('1118','12','82',''),
('1119','14','82',''),
('1120','10','82',''),
('1121','13','82',''),
('1122','1','82',''),
('1123','2','82',''),
('1124','3','82',''),
('1125','11','82',''),
('1126','8','82',''),
('1127','4','82',''),
('1128','5','82',''),
('1129','6','82',''),
('1130','7','82',''),
('1131','12','83',''),
('1132','14','83',''),
('1133','10','83',''),
('1134','13','83',''),
('1135','1','83',''),
('1136','2','83',''),
('1137','3','83',''),
('1138','11','83',''),
('1139','8','83',''),
('1140','4','83',''),
('1141','5','83',''),
('1142','6','83',''),
('1143','7','83',''),
('1144','16','27','1995-05-18'),
('1145','17','27','2017-02-21'),
('1146','18','27',''),
('1147','16','26',''),
('1148','17','26',''),
('1149','18','26',''),
('1150','16','28','1994-08-12'),
('1151','17','28','2017-02-21'),
('1152','18','28',''),
('1153','16','8','1992-03-24'),
('1154','17','8','2015-02-23'),
('1155','19','8','BODH1116'),
('1156','18','8',''),
('1157','12','84',''),
('1158','14','84','pyro cms'),
('1159','10','84','shafeeque'),
('1160','13','84',''),
('1161','1','84',''),
('1162','2','84',''),
('1163','3','84',''),
('1164','11','84',''),
('1165','8','84',''),
('1166','4','84',''),
('1167','5','84',''),
('1168','6','84',''),
('1169','7','84',''),
('1170','16','3','1989-09-25'),
('1171','17','3','2014-04-20'),
('1172','19','3','BODHI104'),
('1173','18','3',''),
('1174','16','20',''),
('1175','17','20',''),
('1176','19','20',''),
('1177','18','20',''),
('1178','15','20','53'),
('1179','16','12',''),
('1180','17','12',''),
('1181','19','12',''),
('1182','18','12',''),
('1183','15','12','51'),
('1184','16','13',''),
('1185','17','13',''),
('1186','19','13',''),
('1187','18','13',''),
('1188','15','13','52'),
('1189','16','14','1989-01-26'),
('1190','17','14','2014-08-18'),
('1191','19','14','BODHI107'),
('1192','18','14',''),
('1193','16','9','1990-09-14'),
('1194','17','9',''),
('1195','19','9','BODH1110'),
('1196','18','9',''),
('1197','16','7','1988-02-12'),
('1198','17','7','2015-06-23'),
('1199','19','7','BODH1118'),
('1200','18','7',''),
('1201','19','27','BODH1137'),
('1202','19','28','BODH1138'),
('1203','16','15','1993-02-16'),
('1204','17','15','2015-07-22'),
('1205','19','15','BODH1119'),
('1206','18','15',''),
('1207','16','11','1993-09-11'),
('1208','17','11','2015-08-10'),
('1209','19','11','BODH1126'),
('1210','18','11',''),
('1211','16','16','1991-12-27'),
('1212','17','16','2015-08-10'),
('1213','19','16','BODH1125'),
('1214','18','16',''),
('1215','16','5','1994-12-19'),
('1216','17','5','2016-01-18'),
('1217','19','5','bodh1129'),
('1218','18','5',''),
('1219','16','19','1991-07-29'),
('1220','17','19','2016-05-02'),
('1221','19','19','BODH1130'),
('1222','18','19',''),
('1223','16','10','1991-07-25'),
('1224','17','10','2016-01-07'),
('1225','19','10','BODH1128'),
('1226','18','10',''),
('1227','16','21','1993-02-20'),
('1228','17','21','2016-07-16'),
('1229','19','21','BODH1131'),
('1230','18','21',''),
('1231','16','17','1992-09-23'),
('1232','17','17','2015-10-15'),
('1233','19','17','BODH1127'),
('1234','18','17',''),
('1235','16','22','1992-05-25'),
('1236','17','22','2016-06-17'),
('1237','19','22','BODH1132'),
('1238','18','22',''),
('1239','16','18','1992-05-01'),
('1240','17','18','2015-03-24'),
('1241','19','18','BODH1117'),
('1242','18','18',''),
('1243','16','24','1994-07-06'),
('1244','17','24','2016-09-21'),
('1245','19','24','BODH1135'),
('1246','18','24',''),
('1247','12','85',''),
('1248','14','85',''),
('1249','10','85',''),
('1250','13','85',''),
('1251','1','85',''),
('1252','2','85',''),
('1253','3','85',''),
('1254','11','85',''),
('1255','8','85',''),
('1256','4','85',''),
('1257','5','85',''),
('1258','6','85',''),
('1259','7','85',''),
('1260','12','86',''),
('1261','14','86',''),
('1262','10','86',''),
('1263','13','86',''),
('1264','1','86',''),
('1265','2','86',''),
('1266','3','86',''),
('1267','11','86',''),
('1268','8','86',''),
('1269','4','86',''),
('1270','5','86',''),
('1271','6','86',''),
('1272','7','86',''),
('1273','12','87','327'),
('1274','14','87','php'),
('1275','10','87','Sujina'),
('1276','13','87',''),
('1277','1','87','2017-03-22'),
('1278','2','87','2017-03-23'),
('1279','3','87',''),
('1280','11','87',''),
('1281','8','87',''),
('1282','4','87',''),
('1283','5','87',''),
('1284','6','87',''),
('1285','7','87',''),
('1286','12','88','393'),
('1287','14','88',''),
('1288','10','88',''),
('1289','13','88',''),
('1290','1','88',''),
('1291','2','88',''),
('1292','3','88',''),
('1293','11','88',''),
('1294','8','88',''),
('1295','4','88',''),
('1296','5','88',''),
('1297','6','88',''),
('1298','7','88',''),
('1299','12','89','345'),
('1300','14','89',''),
('1301','10','89',''),
('1302','13','89',''),
('1303','1','89',''),
('1304','2','89',''),
('1305','3','89',''),
('1306','11','89',''),
('1307','8','89',''),
('1308','4','89',''),
('1309','5','89',''),
('1310','6','89',''),
('1311','7','89',''),
('1312','12','90',''),
('1313','14','90',''),
('1314','10','90',''),
('1315','13','90',''),
('1316','1','90',''),
('1317','2','90',''),
('1318','3','90',''),
('1319','11','90',''),
('1320','8','90',''),
('1321','4','90',''),
('1322','5','90',''),
('1323','6','90',''),
('1324','7','90',''),
('1325','12','91',''),
('1326','14','91',''),
('1327','10','91',''),
('1328','13','91',''),
('1329','1','91',''),
('1330','2','91',''),
('1331','3','91',''),
('1332','11','91',''),
('1333','8','91',''),
('1334','4','91',''),
('1335','5','91',''),
('1336','6','91',''),
('1337','7','91',''),
('1338','12','92',''),
('1339','14','92',''),
('1340','10','92',''),
('1341','13','92',''),
('1342','1','92',''),
('1343','2','92',''),
('1344','3','92',''),
('1345','11','92',''),
('1346','8','92',''),
('1347','4','92',''),
('1348','5','92',''),
('1349','6','92',''),
('1350','7','92',''),
('1351','12','93',''),
('1352','14','93',''),
('1353','10','93',''),
('1354','13','93',''),
('1355','1','93',''),
('1356','2','93',''),
('1357','3','93',''),
('1358','11','93',''),
('1359','8','93',''),
('1360','4','93',''),
('1361','5','93',''),
('1362','6','93',''),
('1363','7','93',''),
('1364','12','94',''),
('1365','14','94',''),
('1366','10','94',''),
('1367','13','94',''),
('1368','1','94',''),
('1369','2','94',''),
('1370','3','94',''),
('1371','11','94',''),
('1372','8','94',''),
('1373','4','94',''),
('1374','5','94',''),
('1375','6','94',''),
('1376','7','94',''),
('1377','12','95',''),
('1378','14','95','.net'),
('1379','10','95','sindhuja'),
('1380','13','95',''),
('1381','1','95',''),
('1382','2','95',''),
('1383','3','95',''),
('1384','11','95','sindhuja'),
('1385','8','95',''),
('1386','4','95',''),
('1387','5','95',''),
('1388','6','95',''),
('1389','7','95',''),
('1390','12','96',''),
('1391','14','96',''),
('1392','10','96',''),
('1393','13','96',''),
('1394','1','96',''),
('1395','2','96',''),
('1396','3','96',''),
('1397','11','96',''),
('1398','8','96',''),
('1399','4','96',''),
('1400','5','96',''),
('1401','6','96',''),
('1402','7','96',''),
('1403','12','97',''),
('1404','14','97',''),
('1405','10','97',''),
('1406','13','97',''),
('1407','1','97',''),
('1408','2','97',''),
('1409','3','97',''),
('1410','11','97',''),
('1411','8','97',''),
('1412','4','97',''),
('1413','5','97',''),
('1414','6','97',''),
('1415','7','97',''),
('1416','20','273','Mtech Project'),
('1417','20','174',''),
('1418','20','59',''),
('1419','20','182',''),
('1420','20','63',''),
('1421','20','183',''),
('1422','20','191',''),
('1423','20','180','');

CREATE TABLE IF NOT EXISTS `phases_status` (
  `id` int(11) NOT NULL AUTO_INCREMENT,
  `name` varchar(255) NOT NULL DEFAULT '',
  `sort_order` int(11) DEFAULT '0',
  `default_value` tinyint(1) DEFAULT NULL,
  `active` tinyint(1) DEFAULT NULL,
  PRIMARY KEY (`id`)
) ENGINE=InnoDB AUTO_INCREMENT=5 DEFAULT CHARSET=utf8;

INSERT IGNORE INTO phases_status VALUES
('1','Open','0','1','1'),
('2','Completed','1',NULL,'1'),
('3','On Hold','2',NULL,'1'),
('4','Cancelled','3',NULL,'1');

CREATE TABLE IF NOT EXISTS `phases` (
  `id` int(11) NOT NULL AUTO_INCREMENT,
  `name` varchar(255) NOT NULL DEFAULT '',
  `default_values` text NOT NULL,
  PRIMARY KEY (`id`)
) ENGINE=InnoDB AUTO_INCREMENT=3 DEFAULT CHARSET=utf8;

INSERT IGNORE INTO phases VALUES
('1','New Site','Quotes\r\nGraphic Design\r\nDevelopment\r\nSite Test\r\nUser Test\r\nGo Live\r\nWarranty'),
('2','Support','Quotes\r\nDefects\r\nChanges\r\n');

CREATE TABLE IF NOT EXISTS `projects_status` (
  `id` int(11) NOT NULL AUTO_INCREMENT,
  `name` varchar(255) NOT NULL DEFAULT '',
  `sort_order` int(11) DEFAULT '0',
  `default_value` tinyint(1) DEFAULT NULL,
  `active` tinyint(1) DEFAULT NULL,
  PRIMARY KEY (`id`)
) ENGINE=InnoDB AUTO_INCREMENT=22 DEFAULT CHARSET=utf8;

INSERT IGNORE INTO projects_status VALUES
('1','Open','0','1','1'),
('2','On Hold','1',NULL,'1'),
('3','Closed','18','0','1'),
('4','Cancelled','19','0','1'),
('7','Testing','3',NULL,'1'),
('8','Discussion','10',NULL,'1'),
('9','Development','0',NULL,'1'),
('13','Delivered','8',NULL,'1'),
('16','Pre Sales','13',NULL,'1'),
('17','Deep Dive','9',NULL,'1'),
('18','UAT','2',NULL,'1'),
('19','Production','7',NULL,'1'),
('20','Parked','12',NULL,'1'),
('21','Service','1',NULL,'1');

CREATE TABLE IF NOT EXISTS `projects_types` (
  `id` int(11) NOT NULL AUTO_INCREMENT,
  `name` varchar(255) NOT NULL DEFAULT '',
  `sort_order` int(11) DEFAULT '0',
  `active` tinyint(1) DEFAULT NULL,
  PRIMARY KEY (`id`)
) ENGINE=InnoDB AUTO_INCREMENT=18 DEFAULT CHARSET=utf8;

INSERT IGNORE INTO projects_types VALUES
('2','New Site','1','1'),
('3','Support','9','1'),
('4','Internal','10','1'),
('5','Web Application','0','1'),
('6','Desktop Application','1','1'),
('7','Websites','2','1'),
('8','Mobile Application','3','1'),
('9','News Portal','4','1'),
('10','E-Commerce','5','1'),
('11','Web application + Mobile Application','0','1'),
('12','Blog','0','1'),
('13','Facebook Promotion','0','1'),
('14','SEO','0','1'),
('15','Digital Marketing','0','1'),
('16','Logo','6','1'),
('17','Student project','0','1');

CREATE TABLE IF NOT EXISTS `tasks_labels` (
  `id` int(11) NOT NULL AUTO_INCREMENT,
  `name` varchar(255) NOT NULL DEFAULT '',
  `sort_order` int(11) DEFAULT '0',
  `default_value` tinyint(1) DEFAULT NULL,
  `active` tinyint(1) DEFAULT NULL,
  PRIMARY KEY (`id`)
) ENGINE=InnoDB AUTO_INCREMENT=8 DEFAULT CHARSET=utf8;

INSERT IGNORE INTO tasks_labels VALUES
('1','Task','0','1','1'),
('2','Bug','1',NULL,'1'),
('3','Idea','2',NULL,'1'),
('4','Issue','4',NULL,'1'),
('5','Quote','3',NULL,'1'),
('6','Change','0',NULL,'1'),
('7','PlugIn','0',NULL,'1');

CREATE TABLE IF NOT EXISTS `tasks_priority` (
  `id` int(11) NOT NULL AUTO_INCREMENT,
  `name` varchar(255) NOT NULL DEFAULT '',
  `icon` varchar(64) DEFAULT NULL,
  `sort_order` int(11) DEFAULT NULL,
  `default_value` tinyint(1) DEFAULT NULL,
  `active` tinyint(1) DEFAULT NULL,
  PRIMARY KEY (`id`)
) ENGINE=InnoDB AUTO_INCREMENT=6 DEFAULT CHARSET=utf8;

INSERT IGNORE INTO tasks_priority VALUES
('1','Urgent','prio_1.png','5',NULL,'1'),
('2','High','prio_2.png','4',NULL,'1'),
('3','Low','prio_4.png','1',NULL,'1'),
('4','Unknown',NULL,'0',NULL,'1'),
('5','Medum','prio_3.png','2','1','1');

CREATE TABLE IF NOT EXISTS `tasks_status` (
  `id` int(11) NOT NULL AUTO_INCREMENT,
  `name` varchar(255) NOT NULL DEFAULT '',
  `group` varchar(64) NOT NULL DEFAULT '',
  `sort_order` int(11) DEFAULT '0',
  `default_value` tinyint(1) DEFAULT NULL,
  `active` tinyint(1) DEFAULT NULL,
  PRIMARY KEY (`id`)
) ENGINE=InnoDB AUTO_INCREMENT=9 DEFAULT CHARSET=utf8;

INSERT IGNORE INTO tasks_status VALUES
('1','Open','open','0','1','1'),
('2','Suspended','closed','6',NULL,'1'),
('3','Waiting Assessment','open','0',NULL,'1'),
('4','Re-opened','open','2',NULL,'1'),
('5','Done?','done','1',NULL,'1'),
('6','Paid','closed','5',NULL,'1'),
('7','Completed','closed','4',NULL,'1'),
('8','Lost','closed','7',NULL,'1');

CREATE TABLE IF NOT EXISTS `tasks_types` (
  `id` int(11) NOT NULL AUTO_INCREMENT,
  `name` varchar(255) NOT NULL DEFAULT '',
  `sort_order` int(11) DEFAULT '0',
  `default_value` tinyint(1) DEFAULT NULL,
  `active` tinyint(1) DEFAULT NULL,
  PRIMARY KEY (`id`)
) ENGINE=InnoDB AUTO_INCREMENT=6 DEFAULT CHARSET=utf8;

INSERT IGNORE INTO tasks_types VALUES
('2','Changes','0',NULL,'1'),
('3','Defects','0',NULL,'1'),
('4','Modules','0','1','1'),
('5','Testing','0',NULL,'1');

CREATE TABLE IF NOT EXISTS `tickets_status` (
  `id` int(11) NOT NULL AUTO_INCREMENT,
  `name` varchar(255) NOT NULL DEFAULT '',
  `group` varchar(64) DEFAULT NULL,
  `sort_order` int(11) DEFAULT NULL,
  `default_value` int(11) DEFAULT NULL,
  `active` char(1) DEFAULT NULL,
  PRIMARY KEY (`id`)
) ENGINE=InnoDB AUTO_INCREMENT=9 DEFAULT CHARSET=utf8;

INSERT IGNORE INTO tickets_status VALUES
('1','New','open','0','1','1'),
('2','Open','open','1',NULL,'1'),
('3','Waiting Assessment','open','3',NULL,'1'),
('4','Re-opened','open','2',NULL,'1'),
('5','Resolved','closed','4',NULL,'1'),
('6','Canceled','closed','7',NULL,'1'),
('7','Fixed','closed','6',NULL,'1'),
('8','Closed','closed','5',NULL,'1');

CREATE TABLE IF NOT EXISTS `tickets_types` (
  `id` int(11) NOT NULL AUTO_INCREMENT,
  `name` varchar(255) NOT NULL DEFAULT '',
  `sort_order` int(11) DEFAULT NULL,
  `active` char(1) DEFAULT NULL,
  PRIMARY KEY (`id`)
) ENGINE=InnoDB AUTO_INCREMENT=5 DEFAULT CHARSET=utf8;

INSERT IGNORE INTO tickets_types VALUES
('1','Report a Bug','1','1'),
('2','Request a Change','0','1'),
('3','Raise an Issue','3','1'),
('4','Ask a Question','2','1');

CREATE TABLE IF NOT EXISTS `users_groups` (
  `id` int(11) NOT NULL AUTO_INCREMENT,
  `name` varchar(255) NOT NULL DEFAULT '',
  `allow_view_all` tinyint(1) DEFAULT NULL,
  `allow_manage_projects` tinyint(1) DEFAULT NULL,
  `allow_manage_tasks` tinyint(1) DEFAULT NULL,
  `allow_manage_tickets` tinyint(1) DEFAULT NULL,
  `allow_manage_users` tinyint(1) DEFAULT NULL,
  `allow_manage_configuration` tinyint(1) DEFAULT NULL,
  `allow_manage_tasks_viewonly` tinyint(1) DEFAULT NULL,
  `allow_manage_discussions` tinyint(1) DEFAULT NULL,
  `allow_manage_discussions_viewonly` tinyint(1) DEFAULT NULL,
  PRIMARY KEY (`id`)
) ENGINE=InnoDB AUTO_INCREMENT=12 DEFAULT CHARSET=utf8;

INSERT IGNORE INTO users_groups VALUES
('1','Admin / CTO',NULL,'1','1','1','1','1',NULL,'1',NULL),
('2','Developer',NULL,'4','4',NULL,NULL,NULL,NULL,'4',NULL),
('3','Client',NULL,'3',NULL,'3',NULL,NULL,NULL,'4',NULL),
('4','Manager',NULL,'1','1','1','1',NULL,NULL,'1',NULL),
('5','Designer',NULL,'4','4',NULL,NULL,NULL,NULL,'4',NULL),
('6','BDO',NULL,'4','4',NULL,NULL,NULL,NULL,'4',NULL),
('7','Business Analyst',NULL,'1','1','1','1','1',NULL,'1',NULL),
('8','HR',NULL,'2','2','2','1',NULL,NULL,'1',NULL),
('10','Digital Marketing',NULL,'4','4',NULL,NULL,NULL,NULL,'4',NULL),
('11','Project Manager',NULL,'1','1','1',NULL,'1',NULL,'1',NULL);

CREATE TABLE IF NOT EXISTS `versions_status` (
  `id` int(11) NOT NULL AUTO_INCREMENT,
  `name` varchar(255) NOT NULL DEFAULT '',
  `sort_order` int(11) DEFAULT '0',
  `default_value` tinyint(1) DEFAULT NULL,
  `active` tinyint(1) DEFAULT NULL,
  PRIMARY KEY (`id`)
) ENGINE=InnoDB AUTO_INCREMENT=3 DEFAULT CHARSET=utf8;

INSERT IGNORE INTO versions_status VALUES
('1','Open','0','1','1'),
('2','Done','0',NULL,'1');

CREATE TABLE IF NOT EXISTS `users` (
  `id` int(11) NOT NULL AUTO_INCREMENT,
  `users_group_id` int(11) DEFAULT NULL,
  `name` varchar(255) NOT NULL DEFAULT '',
  `photo` varchar(64) DEFAULT NULL,
  `email` varchar(255) NOT NULL DEFAULT '',
  `culture` varchar(5) DEFAULT NULL,
  `password` varchar(64) NOT NULL DEFAULT '',
  `active` tinyint(1) DEFAULT NULL,
  `skin` varchar(64) DEFAULT NULL,
  PRIMARY KEY (`id`),
  KEY `fk_pople_people_group` (`users_group_id`),
  CONSTRAINT `users_ibfk_1` FOREIGN KEY (`users_group_id`) REFERENCES `users_groups` (`id`) ON DELETE SET NULL ON UPDATE SET NULL
) ENGINE=InnoDB AUTO_INCREMENT=29 DEFAULT CHARSET=utf8;

INSERT IGNORE INTO users VALUES
('3','1','Rashid','802551-908298-IMG_2760.JPG','rashidbodhi@gmail.com','en','$P$EA7qdlCMEOGnU70EKC9R/bCON94T12.','1','dark'),
('5','5','Irshad','669594-IMG_0747_post.jpg','irshadbodhi@gmail.com','en','$P$ERIoZqCl2Pzc38w6OrO2Ysdh1/kQOi/','1','dark'),
('6','4','Shamnas','865516-shamnas.jpg','shamnasbodhi@gmail.com','en','$P$Ex5Y9WL2p4ni3OALCZ1cheGXGQPphx.','1','grey'),
('7','6','Abbas','225003-abbas.jpg','abbazali1@gmail.com','en','$P$EYlWrgJSgVNUiHl0cuqBd932hNlnjC.','1','dark'),
('8','8','Sruthi Venugopal','719474-sruthi.jpg','sruthibodhi@gmail.com','en','$P$EST7ci0Eu2BpQD.gJn2QAtOp3/NQAu.','1','dark'),
('9','6','Anwar','149836-IMG-20160404-WA0037.jpg','anwarsadthz@gmail.com','en','$P$E3lBMAHEUFl2RsvmPl7oxjLnGI3Mvf/','1','dark'),
('10','2','Arjun C.L','522819-10455965_743286099062933_8427805788915038676_n.jpg','arjunclbodhi@gmail.com','en','$P$EQLxmb0MqiMy1hN90aZs0FTM04NwSU/','1','dark'),
('11','2','Sujina','402237-sujina.jpg','sujinabodhi@gmail.com','en','$P$EMoUN.5avInEqx76SPeyT7GvEaNND/0','1','dark'),
('12','2','Farhana','928071-farhana.jpg','farhanabodhi@gmail.com','en','$P$EJBKI5hFFVU/lPllEu91zWxgxVWkGM1',NULL,'dark'),
('13','2','Rishad','902211-rishad.jpg','rishadalibodhi@gmail.com','en','$P$EG2IQpg2ybxbi6mdavdo/M8nf2tKUO.',NULL,'dark'),
('14','2','Akhila T K','188753-IMG-20151024-WA0073.jpg','akhilabodhi@gmail.com','en','$P$ElTDLYrignWZZoNh/dbrdwphYqpbF61','1','dark'),
('15','11','Sindhuja','530579-IMG_1134.jpg','sindhujabodhi@gmail.com','en','$P$ElPeveOfkdPTlDgBZvG0RMBHHrpuRc0','1','blue'),
('16','2','Mohammed Shafeeque','821356-shafeeq.jpg','shafeequebodhi@gmail.com','en','$P$EDURKNVaXi6PXbza.GSMzhqqC3.UnM1',NULL,'dark'),
('17','2','Vishnu','864802-vishnu.jpg','vishnukrbodhi@gmail.com','en','$P$EFQW2a40rhMhT0GbGz4Zmza.ub9tWs/','1','dark'),
('18','2','Asnad','816531-asnad.jpg','asnad.bodhi@gmail.com','en','$P$EOpwcEYzvxIomF4XqV9KgY./8bw/.w/',NULL,'dark'),
('19','2','Alisha','759541-alisha.jpg','alisha.bodhi@gmail.com','en','$P$EVgIaXJ0dsDz9VKd/5Lve6E4h.Vshf0','1','dark'),
('20','5','Anas','243580-anas.jpg','anasbodhi@gmail.com','en','$P$EPxSMY4Fz5Cg7WetK0P0XGyNNGLQ6D0',NULL,'dark'),
('21','2','Binfas','898766-12764381_929702750441248_1670016931115599632_o.jpg','binfasbodhi@gmail.com','en','$P$E2BlubV.q2naxfiBdAt2iewm3E6QlO/','1','dark'),
('22','2','Ramees','508099-ramees.jpg','rameezbodhi@gmail.com','en','$P$EtwxmqtnDwaNXMKkjwlR2pmdhz1nRf0','1','dark'),
('23','6','Maqbool','139409-maqbool.jpg','maqboolbodhi@gmail.com','en','$P$EJv.vTscd03JaKOJdwZzMenA0I5qWa/','1','dark'),
('24','7','Swathi Aravind','278865-swathi.jpg','swathi@bodhiinfo.com','en','$P$EusnFnsD/VNu.eYil5NJPKMfLegqVt1','1','blue'),
('25','4','Haseem M K','906025-hazeem.jpg','haseembodhi@gmail.com','en','$P$Ee8WXJ8T.OCbQKbtkMZgDI1CDIXuhn0','1',NULL),
('26','6','Sinan',NULL,'sinan@bodhiinfo.com','en','$P$Eg.tLXkcHrPacvC7K2dPqohVPOkPZc1','1',NULL),
('27','10','Jishnu Sreeraj C K',NULL,'jishnu.bodhi@gmail.com','en','$P$EfMWmiK6sayGsvdDxe45StdF1/T4dI/','1',NULL),
('28','10','Akhil S',NULL,'akhilsbodhi@gmail.com','en','$P$E.8rW4rfUj9xWXH40Rct7zL8LsRwdS0','1','dark');

CREATE TABLE IF NOT EXISTS `departments` (
  `id` int(11) NOT NULL AUTO_INCREMENT,
  `name` varchar(64) NOT NULL DEFAULT '',
  `sort_order` int(11) DEFAULT NULL,
  `active` tinyint(1) DEFAULT NULL,
  `users_id` int(11) NOT NULL DEFAULT '0',
  PRIMARY KEY (`id`),
  KEY `fk_departments_users` (`users_id`),
  CONSTRAINT `fk_departments_users` FOREIGN KEY (`users_id`) REFERENCES `users` (`id`) ON DELETE CASCADE ON UPDATE CASCADE
) ENGINE=InnoDB AUTO_INCREMENT=2 DEFAULT CHARSET=utf8;

INSERT IGNORE INTO departments VALUES
('1','CTO',NULL,'1','3');

CREATE TABLE IF NOT EXISTS `events` (
  `event_id` int(11) NOT NULL AUTO_INCREMENT,
  `event_name` text NOT NULL,
  `start_date` datetime NOT NULL,
  `end_date` datetime NOT NULL,
  `details` text NOT NULL,
  `users_id` int(11) NOT NULL DEFAULT '0',
  PRIMARY KEY (`event_id`),
  KEY `fk_events_users` (`users_id`),
  CONSTRAINT `events_ibfk_1` FOREIGN KEY (`users_id`) REFERENCES `users` (`id`) ON DELETE CASCADE ON UPDATE CASCADE
) ENGINE=InnoDB AUTO_INCREMENT=5 DEFAULT CHARSET=utf8;

INSERT IGNORE INTO events VALUES
('1','Marriage Leave','2016-07-27 09:00:00','2016-08-02 23:00:00','','3'),
('2','Marriage Leave','2016-07-23 00:00:00','2016-07-23 00:00:00','','3'),
('3','Skype Call - Alqudra','2016-07-20 11:30:00','2016-07-20 12:30:00','','3'),
('4','Call Azeez','2017-02-23 16:00:00','2017-02-23 16:00:00','','3');

CREATE TABLE IF NOT EXISTS `attachments` (
  `id` int(11) NOT NULL AUTO_INCREMENT,
  `bind_type` varchar(64) NOT NULL DEFAULT '',
  `bind_id` int(11) NOT NULL DEFAULT '0',
  `file` varchar(255) DEFAULT NULL,
  `info` varchar(255) DEFAULT NULL,
  PRIMARY KEY (`id`),
  UNIQUE KEY `id` (`id`)
) ENGINE=InnoDB AUTO_INCREMENT=8 DEFAULT CHARSET=utf8;

INSERT IGNORE INTO attachments VALUES
('1','projects','42','493760-doc.docx','24 Nov 2016- doc mentioning changes'),
('2','projects','58','475421-Informe Employee Login Application docx.docx','Changes from client'),
('4','projects','61','617839-Royalty Managing Application.docx',NULL),
('5','projects','66','833101-REQUIREMENT ANALYSIS.docx',NULL),
('6','projects','87','798142-DB.docx',NULL),
('7','projectsComments','206','786571-fabtree.sql',NULL);

CREATE TABLE IF NOT EXISTS `projects` (
  `id` int(11) NOT NULL AUTO_INCREMENT,
  `projects_status_id` int(11) DEFAULT NULL,
  `projects_types_id` int(11) DEFAULT NULL,
  `created_by` int(11) DEFAULT NULL,
  `name` varchar(255) NOT NULL DEFAULT '',
  `description` text,
  `team` text,
  `created_at` datetime DEFAULT NULL,
  `order_tasks_by` varchar(64) DEFAULT NULL,
  PRIMARY KEY (`id`),
  KEY `fk_projects_projects_status` (`projects_status_id`),
  KEY `fk_projects_project_types` (`projects_types_id`),
  KEY `fk_projects_pople` (`created_by`),
  CONSTRAINT `projects_ibfk_1` FOREIGN KEY (`projects_status_id`) REFERENCES `projects_status` (`id`) ON DELETE SET NULL ON UPDATE SET NULL,
  CONSTRAINT `projects_ibfk_2` FOREIGN KEY (`projects_types_id`) REFERENCES `projects_types` (`id`) ON DELETE SET NULL ON UPDATE SET NULL,
  CONSTRAINT `projects_ibfk_3` FOREIGN KEY (`created_by`) REFERENCES `users` (`id`) ON DELETE SET NULL ON UPDATE SET NULL
) ENGINE=InnoDB AUTO_INCREMENT=98 DEFAULT CHARSET=utf8;

INSERT IGNORE INTO projects VALUES
('7','9','5','16','Markaz','<p>Accounting Software</p>','3,7,9,14,19,16,11','2016-04-04 19:33:58',NULL),
('8','20','4','13','Mess Application',NULL,'3,7,15','2016-04-05 09:20:32',NULL),
('9','3','3','12','ILAJ','<p>An accounting software for accomplishing the management of an ayurvedic hospital.</p>','3','2016-04-05 09:22:07',NULL),
('10','3','7','5','Areekkan Associates',NULL,'7,5','2016-04-05 09:59:32',NULL),
('11','17','7','11','Abcpappa','<p>Abcpappa is an&nbsp;e-commerce website. The modules are shop,service,job wanted,taxi,employer,labour.&nbsp;</p>','3,7,9,14,18,16,11,17','2016-04-05 10:03:15',NULL),
('12','3','10','5','Flavor Mart',NULL,'9,24,5,19,16,11','2016-04-05 10:05:14',NULL),
('13','3','7','5','NR traders',NULL,'7,9,5','2016-04-05 10:08:23',NULL),
('14','20','7','5','Unilux Electronics','<p>It&#39;s pending from Client side</p>','9,5','2016-04-05 10:09:36',NULL),
('15','9','5','11','ISM','<p>Web application to handle the activities of ISM.</p>','3,7,14,11','2016-04-05 10:14:21',NULL),
('16','20','5','11','Lapiz','<p>Lapiz is a school management application. For dealing all the activities in an institute.</p>','3,7,9,14,11,8','2016-04-05 10:20:37',NULL),
('17','3','5','11','London Academy',NULL,'3,14,11','2016-04-05 10:49:02',NULL),
('18','3','7','11','Ymax',NULL,'3,9,5,16,11','2016-04-05 10:53:00',NULL),
('19','4','9','3','News Kerala',NULL,'3,9,5,16,6','2016-04-05 17:16:31',NULL),
('20','3','7','3','Ridhi',NULL,'3,7,9,5,16','2016-04-05 17:18:08',NULL),
('21','3','9','3','Live Kerala News',NULL,'3,9,16','2016-04-05 17:19:53',NULL),
('22','7','11','3','Juma khuthuba',NULL,'3,7,10,16','2016-04-05 17:20:44',NULL),
('23','3','9','3','Suprabhaatham',NULL,'3,7,9,16','2016-04-05 17:22:00',NULL),
('24','20','8','3','dyfi',NULL,'3,9,18,11','2016-04-05 17:23:33',NULL),
('25','20','8','3','ZUMZUM',NULL,'3,7,18,11,17','2016-04-05 17:24:30',NULL),
('26','3','8','3','Bodhi Election App',NULL,'3,18,17','2016-04-05 17:25:12',NULL),
('27','9','8','3','Mobinion',NULL,'3,7,19,10,18,21,16,15,11,17,6','2016-07-19 09:53:59',NULL),
('28','20','7','20','New Ideal Ceramic','<ul>\r\n	<li>Website should be dynamic</li>\r\n	<li>Interactive design approach. (Compactable to mobile, tab and other devices).</li>\r\n	<li>Home, New offer, Product, New ideas, About and Contact us pages.</li>\r\n	<li>Show new arrivals.</li>\r\n	<li>Show list of Products in gallery page.</li>\r\n	<li>Admin can login to control panel.</li>\r\n	<li>Add new products and new arrivals separately.</li>\r\n	<li>Add new ideas photos</li>\r\n	<li>Add new offers on products</li>\r\n	<li>Address with Google map.</li>\r\n	<li>Dynamic Pages\r\n	<ul>\r\n		<li>new offer</li>\r\n		<li>product</li>\r\n		<li>new idea</li>\r\n	</ul>\r\n	</li>\r\n</ul>','20,5,19,11','2016-07-19 10:23:32',NULL),
('30','3','7','16','Alqudra',NULL,'3,7,16','2016-07-23 15:44:25',NULL),
('31','4','7','5','Sadhbhavana School',NULL,'3,9,5','2016-08-03 11:33:35',NULL),
('32','3','7','23','Kerala Blind Association',NULL,'3,23,20,16','2016-08-04 17:41:25',NULL),
('33','9','5','3','Sparco - Website and hotel management web application','<ul>\r\n	<li>Add, edit &amp; delete hotels</li>\r\n	<li>Room&nbsp;management\r\n	<ul>\r\n		<li>Add, edit &amp; delete Room types</li>\r\n		<li>Add, edit &amp; delete rooms</li>\r\n	</ul>\r\n	</li>\r\n	<li>Package management</li>\r\n	<li>Booking&nbsp;management\r\n	<ul>\r\n		<li>Online booking</li>\r\n		<li>Office booking\r\n		<ul>\r\n			<li>Add, edit delete booking</li>\r\n			<li>Advance payment and other payments</li>\r\n		</ul>\r\n		</li>\r\n	</ul>\r\n	</li>\r\n	<li>Report&nbsp;\r\n	<ul>\r\n		<li>Show customer report</li>\r\n		<li>Booking report\r\n		<ul>\r\n			<li>Online and office booking</li>\r\n			<li>Search with customer name, dates, hotel, rooms, room type</li>\r\n			<li>Payments report</li>\r\n		</ul>\r\n		</li>\r\n	</ul>\r\n	</li>\r\n	<li>Add/edit Food menu (image)</li>\r\n	<li>Add/edit gallery images</li>\r\n	<li><strong>Payment Gateway</strong></li>\r\n</ul>','3,9,5,16,11','2016-09-01 18:21:22',NULL),
('34','20','5','24','Pharmsi Model Pharmacy','<p>In Charge : Abbas</p>\r\n\r\n<p>Advance Got.</p>','3,7,5,21,16,15,11','2016-10-03 10:33:43',NULL),
('35','4','5','24','PDC','<p>In charge : Swathi</p>\r\n\r\n<p>Logo sent and they are satisfied with that.</p>\r\n\r\n<p>Cancelled</p>','24','2016-10-03 10:40:42',NULL),
('36','3','7','24','Ayon','<p>Sent web design and company profile</p>','9','2016-10-03 10:49:37',NULL),
('37','4','10','24','Vaseem Raj','<p>2 quotes sent.</p>','7','2016-10-03 10:51:38',NULL),
('38','16','10','24','Day Fish','<p>In charge : Abbas</p>','7','2016-10-03 10:53:58',NULL),
('39','4','8','24','Expense Tracking','<p>Issues with quote amount.</p>','24','2016-10-03 10:55:38',NULL),
('40','16','11','24','IMPEX',NULL,NULL,'2016-10-03 11:01:28',NULL),
('41','18','7','24','JIXY -GAME ZONE',NULL,'9','2016-10-03 11:02:46',NULL),
('42','13','8','24','iPAD APPLICATION FOR RESTAURANT','<p>CONFIRMED</p>\r\n\r\n<p><strong>Rahul Sir</strong> is the iOS developer</p>','3,7,14,19,11','2016-10-03 11:04:25',NULL),
('43','4','8','24','IPOS',NULL,'7','2016-10-03 11:05:19',NULL),
('44','4','11','24','VARISH TRADERS',NULL,NULL,'2016-10-03 11:13:18',NULL),
('45','9','11','24','INDFURN',NULL,'3,23,24,5,14,19,10,18,22,11,17','2016-10-03 11:14:27',NULL),
('46','4','8','24','MEHAR HIJAB BOUTIQUE',NULL,'23','2016-10-03 11:15:38',NULL),
('47','9','11','12','Ente Angadi','<p>A locality based web cum android application.</p>','3,7,10,18,21,22,15,11,17','2016-10-11 17:33:16',NULL),
('48','3','7','24','nexway',NULL,'9,8,6','2016-10-17 14:28:29',NULL),
('49','4','3','24','malabar dentacare',NULL,'23','2016-10-17 14:33:30',NULL),
('50','16','7','24','preethi silks',NULL,'23','2016-10-17 14:35:14',NULL),
('51','20','11','24','edu application',NULL,'9','2016-10-17 14:35:48',NULL),
('52','16','7','24','horizon school',NULL,'23','2016-10-17 14:36:26',NULL),
('53','4','6','24','benhar gym',NULL,'23','2016-10-17 14:37:33',NULL),
('54','4','7','24','mlounge',NULL,'23','2016-10-17 14:38:02',NULL),
('55','9','5','24','Stonesmith',NULL,'3,23,21,15','2016-10-17 14:38:36',NULL),
('56','4','3','24','hilite mall',NULL,'23','2016-10-17 14:39:24',NULL),
('57','9','11','10','Project Linda','<p>In house project management application</p>','3,10','2016-11-14 10:04:21',NULL),
('58','3','5','24','Infome login portal','<p><strong>Works</strong></p>\r\n\r\n<ol>\r\n	<li>Web Site</li>\r\n	<li>Web Portal for Employee Login</li>\r\n	<li>Broucher</li>\r\n</ol>','24,16','2016-11-23 13:51:57',NULL),
('59','3','7','24','Azalea Gynocare','<p>Our part is completed and testing also over.&nbsp;</p>','23,24,5','2016-12-01 12:39:57',NULL),
('60','3','7','24','Al nahdi industrial tools','<p>Work started</p>\r\n\r\n<p>Design completed.</p>\r\n\r\n<p>Conversion completed waiting to get client&#39;s&nbsp;feedback along with some details.</p>','24,16,6','2016-12-01 12:43:07',NULL),
('61','9','5','24','shabab','<p>The application has two types of user, Admin and branches. Admin can create branches and can send branch credentials. Once a branch is created, they can login and add customers and add points to card. Later customers can redeem the points. Also Customer will get SMS notification in ARABIC.</p>','3,7,14,19,16,11','2016-12-26 11:37:35',NULL),
('63','9','7','24','Emirates',NULL,'9,5,14,16','2016-12-30 11:10:11',NULL),
('64','9','7','24','Lapic',NULL,'24,5,16,25','2017-01-06 10:32:14',NULL),
('65','9','8','24','Feed back application','<p>Started on 4th january 2017&nbsp;</p>\r\n\r\n<p>timeline 10 th jan 2017</p>','24,5,10,17','2017-01-06 11:04:43',NULL),
('66','9','5','24','PI hospital','<p>We are doing a static website and web application. For web application we will be using .net technology. Main modules will be following:</p>\r\n\r\n<ul>\r\n	<li><strong>Front office management</strong></li>\r\n	<li><strong>Pharmacy management</strong></li>\r\n	<li><strong>IP&nbsp;management</strong></li>\r\n</ul>\r\n\r\n<p>&nbsp;</p>\r\n\r\n<p>&nbsp;</p>','3,26,24,5,21,15','2017-01-18 10:19:25',NULL),
('67','9','7','24','Lameon',NULL,'23,24,5,16','2017-02-15 12:39:48',NULL),
('68','3','7','24','Traiac',NULL,'24,5,14,19,16','2017-02-15 12:40:39',NULL),
('69','9','8','24','Karassery Panchayth App',NULL,'26,24,5,14,19,10,18,22,11,17','2017-02-15 12:41:52',NULL),
('70','3','7','24','Streamline consortium',NULL,'23,5,16','2017-02-15 12:43:05',NULL),
('71','3','7','24','inginim-able studio',NULL,'14,16','2017-02-17 15:22:23',NULL),
('72','3','7','24','INFOME',NULL,'3,24,5','2017-02-18 10:00:07',NULL),
('73','9','10','24','CACHET QATAR',NULL,'24,5,16','2017-02-21 10:17:29',NULL),
('74','9','14','3','Bodhi Website SEO',NULL,'21,28,27','2017-02-21 15:39:37',NULL),
('76','9','14','24','CACHET QATAR SEO',NULL,'24,21,28,27','2017-02-24 10:27:05',NULL),
('77','9','13','24','CACHET QATAR SMP',NULL,'24,5,28,27','2017-02-24 10:28:31',NULL),
('78','9','14','24','HELIOPOLICE SEO',NULL,'21,28,27','2017-02-24 10:42:41',NULL),
('79','9','13','24','HELIOPOLICE SMP',NULL,'28,27','2017-02-24 10:43:28',NULL),
('80','9','14','24','APCO SUZUKI SEO',NULL,'21,28,27','2017-02-24 10:44:09',NULL),
('81','9','13','24','APCO SUZUKI SMP',NULL,'28,27','2017-02-24 10:44:58',NULL),
('82','9','13','24','ALFAROOJ',NULL,'28,27','2017-02-27 16:49:24',NULL),
('83','9','13','24','DAISMAN',NULL,'28,27','2017-02-27 17:20:12',NULL),
('84','3','7','24','inginim-thive',NULL,'16','2017-03-02 10:37:27',NULL),
('85','9','7','24','PREMIER  CAKES',NULL,'7,5','2017-03-11 10:54:58',NULL),
('87','9','10','24','Fabtree',NULL,'23,5,14,19,11','2017-03-22 15:16:39',NULL),
('88','9','13','24','Decolax',NULL,'23,28,27','2017-03-24 11:38:32',NULL),
('89','9','8','24','BROWN TOWN','<p>TIMELINE: 20 APRIL 2017</p>','23,17','2017-04-03 10:02:27',NULL),
('90','3','7','24','ALTRON POWER',NULL,'14','2017-04-05 09:50:48',NULL),
('91','1','17','24','java',NULL,'10,22,17','2017-04-08 10:33:33',NULL),
('93','1','17','24','Android',NULL,'10,22,17','2017-04-08 10:34:03',NULL),
('94','1','17','24','java+android',NULL,'10,22,17','2017-04-08 10:34:31',NULL),
('95','1','17','24','.net Project',NULL,'3,21,15','2017-04-08 10:35:12',NULL),
('97','1','17','24','PHP',NULL,'14,19,11','2017-04-08 10:35:40',NULL);

CREATE TABLE IF NOT EXISTS `projects_comments` (
  `id` int(11) NOT NULL AUTO_INCREMENT,
  `projects_id` int(11) NOT NULL DEFAULT '0',
  `created_by` int(11) DEFAULT NULL,
  `description` text,
  `created_at` datetime DEFAULT NULL,
  PRIMARY KEY (`id`),
  KEY `fk_projects_comments_projects` (`projects_id`),
  KEY `fk_projects_comments_pople` (`created_by`),
  CONSTRAINT `projects_comments_ibfk_1` FOREIGN KEY (`projects_id`) REFERENCES `projects` (`id`) ON DELETE CASCADE ON UPDATE CASCADE,
  CONSTRAINT `projects_comments_ibfk_2` FOREIGN KEY (`created_by`) REFERENCES `users` (`id`) ON DELETE SET NULL ON UPDATE SET NULL
) ENGINE=InnoDB AUTO_INCREMENT=210 DEFAULT CHARSET=utf8;

INSERT IGNORE INTO projects_comments VALUES
('2','7','16','Assigned To: Rashid, Abbas, Anwar, Akhila, Mohammed Shafeeque, Sujina','2016-04-04 19:35:24'),
('3','9','12','Assigned To: Rashid, Farhana','2016-04-05 09:23:30'),
('4','13','5','Assigned To: Irshad','2016-04-05 10:09:56'),
('5','11','11','Assigned To: Rashid, Abbas, Anwar, Akhila, Asnad, Mohammed Shafeeque, Sujina, Vishnu','2016-04-06 09:21:50'),
('6','15','11','Assigned To: Rashid, Abbas, Akhila, Sujina','2016-04-06 09:46:55'),
('7','16','11','Assigned To: Rashid, Abbas, Anwar, Sruthi, Akhila, Sujina','2016-04-06 09:48:00'),
('8','17','11','Assigned To: Rashid, Akhila, Sujina','2016-04-06 09:48:41'),
('9','18','11','Assigned To: Rashid, Anwar, Irshad, Mohammed Shafeeque, Sujina','2016-04-06 09:49:31'),
('10','26','3','Status: Testing','2016-05-02 11:51:26'),
('11','12','3','Status: Testing','2016-07-19 09:42:24'),
('12','26','3','Status: Closed','2016-07-19 09:56:30'),
('13','21','3','Status: Closed','2016-07-19 09:57:01'),
('14','7','3','Status: Testing','2016-07-19 09:57:37'),
('15','11','3','Status: On Hold','2016-07-19 09:58:13'),
('16','24','3','Status: Testing','2016-07-19 09:58:58'),
('17','25','3','Status: Send Requirement','2016-07-19 09:59:35'),
('18','14','3','Status: Closed','2016-07-19 10:00:14'),
('19','19','3','Status: Testing','2016-07-19 10:00:36'),
('20','20','3','Status: Closed','2016-07-19 10:01:00'),
('21','23','3','Status: Closed','2016-07-19 10:01:25'),
('22','8','3','Status: Testing','2016-07-19 10:01:54'),
('23','22','3','Status: Testing','2016-07-19 10:02:59'),
('24','15','3','Status: Testing','2016-07-19 10:03:22'),
('25','13','3','Status: Closed','2016-07-19 10:03:51'),
('26','14','5','Status: On Hold','2016-07-19 10:22:41'),
('27','12','11','Assigned To: Alisha, Sujina, Shamnas','2016-07-19 12:23:50'),
('28','12','11','<p>Testing is over.</p>','2016-07-19 12:27:32'),
('29','24','11','Status: On Hold','2016-07-19 12:29:58'),
('30','15','11','Status: On Hold','2016-07-19 12:31:09'),
('31','7','14','Status: On Hold','2016-07-19 14:49:17'),
('32','28','3','Assigned To: Irshad, Alisha, Sujina','2016-07-19 15:20:02'),
('33','7','14','Assigned To: Alisha','2016-07-22 10:00:28'),
('34','30','16','Assigned To: Rashid, Abbas, Mohammed Shafeeque','2016-07-23 15:45:13'),
('35','10','5','Status: On Hold','2016-07-25 12:49:48'),
('36','32','23','Assigned To: Rashid, Maqbool, Anas, Mohammed Shafeeque','2016-08-04 17:43:06'),
('37','28','20','Status: On Hold','2016-08-10 11:36:25'),
('38','10','5','Status: Closed','2016-08-10 11:45:28'),
('39','32','23','Status: Closed','2016-08-12 16:28:23'),
('40','35','3','Assigned To: Swathi Aravind','2016-10-03 10:43:52'),
('41','34','3','Assigned To: Abbas, Swathi Aravind','2016-10-03 10:44:22'),
('42','39','24','<p>Assigned to: Swathi Aravind</p>','2016-10-03 10:57:45'),
('43','38','24','<p>Assigned to : Abbas</p>','2016-10-03 10:59:19'),
('44','41','24','<p>Assigned to : Anwar</p>','2016-10-03 11:03:06'),
('45','43','24','<p>Assigned to : Abbas</p>','2016-10-03 11:05:37'),
('46','45','24','<p>Assigned to : Maqbool</p>','2016-10-03 11:14:51'),
('47','46','24','<p>Assigned to :Maqbool</p>','2016-10-03 11:15:56'),
('48','44','24','Status: Started','2016-10-03 11:22:29'),
('49','48','24','Assigned To: Anwar','2016-10-17 14:29:40'),
('50','35','24','Status: Cancelled','2016-10-17 14:31:02'),
('51','30','24','Status: Closed','2016-11-11 11:36:30'),
('52','44','24','Status: On Hold','2016-11-11 11:37:18'),
('53','42','24','Status: Started','2016-11-11 11:38:02'),
('54','42','24','Assigned To: Akhila T K, Alisha, Sujina','2016-11-11 11:38:02'),
('55','34','24','Status: Started','2016-11-11 11:59:07'),
('56','34','24','Assigned To: Rashid, Irshad, Binfas, Mohammed Shafeeque, Sindhuja, Sujina','2016-11-11 11:59:07'),
('57','46','24','Status: Cancelled','2016-11-11 12:01:52'),
('58','48','24','Status: Closed','2016-11-11 12:10:52'),
('59','36','24','Status: Closed','2016-11-15 10:00:57'),
('60','31','24','Status: Cancelled','2016-11-15 10:01:59'),
('61','39','24','Status: Cancelled','2016-11-15 10:02:28'),
('62','57','10','Assigned To: Rashid, Abbas, Anwar, Maqbool, Swathi Aravind, Anas, Irshad, Akhila T K, Alisha, Arjun C.L, Asnad, Binfas, Mohammed Shafeeque, Ramees, Sindhuja, Sujina, Vishnu, Sruthi Venugopal, Shamnas','2016-11-15 10:07:09'),
('63','42','3','Assigned To: Rashid, Abbas','2016-11-15 10:09:08'),
('64','42','3','<p>Informed Client for getting UDID and iOS version</p>','2016-11-15 10:11:09'),
('65','57','10','<p>Today we had a discussion regarding the requirements of the new version.</p>','2016-11-14 16:00:00'),
('66','44','24','Status: Cancelled','2016-11-15 10:38:18'),
('67','25','24','Status: On Hold','2016-11-15 10:39:48'),
('68','8','24','Status: On Hold','2016-11-15 10:40:37'),
('69','19','24','Status: On Hold','2016-11-15 10:40:56'),
('70','7','24','Status: Development','2016-11-15 10:41:46'),
('71','15','24','Status: Development','2016-11-15 10:42:08'),
('72','11','24','Status: Work completed but payment pending','2016-11-15 13:52:01'),
('73','48','24','Status: Delivered without getting payment','2016-11-15 13:56:56'),
('74','48','24','Assigned To: Sruthi Venugopal, Shamnas','2016-11-15 13:56:56'),
('75','27','24','Status: Development','2016-11-15 13:58:35'),
('76','34','24','Status: Development','2016-11-15 13:59:09'),
('77','47','24','Status: Development','2016-11-15 13:59:51'),
('78','33','24','Status: work completed but no response from client','2016-11-15 14:01:39'),
('79','42','24','Status: Development','2016-11-15 14:02:06'),
('80','53','24','Status: Pre Sales','2016-11-23 12:02:15'),
('81','38','24','Status: Pre Sales','2016-11-23 12:02:45'),
('82','56','24','Status: Pre Sales','2016-11-23 13:18:09'),
('83','37','24','Status: Pre Sales','2016-11-23 13:18:41'),
('84','52','24','Status: Pre Sales','2016-11-23 13:19:04'),
('85','40','24','Status: Pre Sales','2016-11-23 13:19:27'),
('86','45','24','Status: Pre Sales','2016-11-23 13:19:52'),
('87','43','24','Status: Pre Sales','2016-11-23 13:20:11'),
('88','54','24','Status: Pre Sales','2016-11-23 13:26:37'),
('89','50','24','Status: Pre Sales','2016-11-23 13:26:59'),
('90','55','24','Status: Pre Sales','2016-11-23 13:27:26'),
('91','57','24','Status: Pre Sales','2016-11-23 13:28:59'),
('92','24','24','Status: Parked','2016-11-23 13:32:51'),
('93','12','24','Status: Parked','2016-11-23 13:33:13'),
('94','16','24','Status: Parked','2016-11-23 13:47:15'),
('95','25','24','Status: Parked','2016-11-23 13:47:39'),
('96','14','24','Status: Parked','2016-11-23 13:47:57'),
('97','19','24','Status: Parked','2016-11-23 13:48:36'),
('98','28','24','Status: Parked','2016-11-23 13:49:00'),
('99','8','24','Status: Parked','2016-11-23 13:49:21'),
('100','17','24','Status: Parked','2016-11-23 13:49:40'),
('101','57','10','<p>Effort estimation is completed and submitted for evaluation.</p>','2016-11-23 17:21:15'),
('102','49','24','Status: Cancelled','2016-11-25 10:28:55'),
('103','58','24','<p>Shahzad sent some more changes in login portal.</p>\r\n\r\n<p>&nbsp;</p>','2016-11-25 10:30:26'),
('106','42','24','<p>Skype call on 23&nbsp;nov 2016 regarding changes.</p>\r\n\r\n<p>&nbsp;</p>','2016-11-24 10:32:43'),
('107','42','3','<p>Gave Test build on on 22- Nov-2016</p>\r\n\r\n<p>&nbsp;</p>\r\n\r\n<p>https://i.diawi.com/BVogzK</p>\r\n\r\n<p><br />\r\nURL &nbsp;goo.gl/qz5O4E<br />\r\nCredentials for login are given below:<br />\r\nUser name: &nbsp;&nbsp;&nbsp;adminbodhi@gmail.com<br />\r\nPassword &nbsp;:&nbsp;1234<br />\r\n&nbsp;</p>','2016-11-22 18:35:29'),
('108','38','24','<p>meeting done with client.</p>\r\n\r\n<p>Almost confirmed. we need to get advance</p>','2016-11-25 10:37:42'),
('109','58','3','<p><strong>First Requirement on</strong> : &nbsp;Sun, Nov 20, 2016 at 8:59 PM</p>\r\n\r\n<p>&nbsp;</p>\r\n\r\n<p>Dear Shamnas / Swathi</p>\r\n\r\n<p>&nbsp;</p>\r\n\r\n<p>Please do the needful to finish the website and application job asap.</p>\r\n\r\n<p>&nbsp;</p>\r\n\r\n<p>Kindly find few point for the web application below.</p>\r\n\r\n<p>&nbsp;</p>\r\n\r\n<p>Should have an admin user who can create , change password, for employee credentials.</p>\r\n\r\n<p>Need to create employee login option and each logins should have their own privilege to change the password.</p>\r\n\r\n<p>&nbsp;</p>\r\n\r\n<p>&nbsp;</p>\r\n\r\n<p>Once the login is done we have to see the page where the employee(sales) can fill their daily activity.</p>\r\n\r\n<p>&nbsp;</p>\r\n\r\n<p>Activity mainly we have 1. Visit, 2. Meeting , 3. Closings. (preferably drop down options )</p>\r\n\r\n<p>&nbsp;</p>\r\n\r\n<p>Once they select the Activity the options should be enabled for each activity to enter the data in each column.</p>\r\n\r\n<p>&nbsp;</p>\r\n\r\n<p>For the visit activity the below options should be available&nbsp;</p>\r\n\r\n<p>Customer name, level,&nbsp; Contact person , designation, mobile, email, telephone , fax, PO box number. Description, remarks</p>\r\n\r\n<p>&nbsp;</p>\r\n\r\n<p>Meeting activity options :</p>\r\n\r\n<p>Select the customer, select the contact person, meeting descriptions ,&nbsp;</p>\r\n\r\n<p>&nbsp;</p>\r\n\r\n<p>Closings :</p>\r\n\r\n<p>Select customer , product sold , sales invoice number, amount closing.</p>\r\n\r\n<p>&nbsp;</p>\r\n\r\n<p>We should have another page to see the reports to see the weekly , monthly, daily activity&nbsp;</p>\r\n\r\n<p>&nbsp;</p>\r\n\r\n<p>If you have more suggestions on the above please suggest.</p>\r\n\r\n<p>keep Web app job on priority to complete so that we can start working on it.</p>','2016-11-22 10:55:40'),
('110','41','3','Status: UAT','2016-11-25 11:04:52'),
('111','54','24','Status: Cancelled','2016-11-25 11:22:46'),
('112','57','24','Status: Development','2016-11-25 11:39:20'),
('113','58','24','Status: Development','2016-11-25 11:39:54'),
('114','34','24','Status: Testing','2016-11-25 11:41:17'),
('115','27','24','<p>1.0.0&nbsp;Beta&nbsp;Version&nbsp;Released of Mobinion&nbsp;&nbsp;on August &nbsp;22nd 2016</p>\r\n\r\n<p>1.0.1 Beta Version Release of Mobinion Project November 12th 2016<br />\r\n<br />\r\n<br />\r\n&nbsp;</p>','2016-11-25 12:00:21'),
('116','27','24','<p>1.0.0&nbsp;Beta&nbsp;Version&nbsp;Released of Mobinion&nbsp;&nbsp;on August &nbsp;22nd 2016 (android)</p>\r\n\r\n<p>1.0.1 Beta Version Release of Mobinion Project November 12th 2016 (android)<br />\r\n<br />\r\n<br />\r\n&nbsp;</p>','2016-11-25 12:00:26'),
('117','51','24','Status: Parked','2016-12-01 12:10:49'),
('118','42','24','Status: Delivered','2016-12-01 12:11:36'),
('119','42','24','<p>On 30 Nov 2016 we delivered the product. But some&nbsp;issues they mentioned.</p>','2016-12-01 13:59:57'),
('120','42','24','<p>On 30 Nov 2016 we delivered the product. But some&nbsp;issues they mentioned.</p>','2016-12-01 14:00:19'),
('121','41','24','<p>Need to get contents from client.</p>','2016-12-01 14:07:27'),
('122','7','3','<p>Testing</p>','2016-12-02 18:07:50'),
('123','22','3','Assigned To: Arjun C.L','2016-12-03 12:05:54'),
('124','17','3','Status: Closed','2016-12-03 12:08:36'),
('125','19','3','Status: Cancelled','2016-12-03 12:08:45'),
('126','57','24','please inform the timeline for whole completion of linda','2016-12-20 16:25:03'),
('127','59','24','Status: Closed','2016-12-26 11:34:03'),
('128','34','24','<p>Meeting on 23 dec 2016 (for demo)</p>','2016-12-26 11:49:37'),
('129','61','3',NULL,'2016-12-26 12:41:28'),
('130','58','3','Status: Closed','2016-12-26 13:06:31'),
('131','56','3','Status: Cancelled','2016-12-27 15:21:00'),
('132','53','3','Status: Cancelled','2016-12-27 15:22:20'),
('133','43','3','Status: Cancelled','2016-12-27 15:22:25'),
('134','27','24','<p><strong>Timeline for android -- on or before Jan 10th</strong></p>','2016-12-28 09:43:11'),
('135','41','24','<p>if client is giving the details by dec last. need to finish the website by jan first week.</p>','2016-12-28 09:45:17'),
('136','23','24','<p><strong>suprabhatam special page&nbsp;</strong></p>','2016-12-28 09:49:15'),
('137','61','3','Assigned To: Mohammed Shafeeque','2016-12-30 09:52:58'),
('138','63','24','<p>On 29 dec 2016 sent design</p>\r\n\r\n<p>http://emirates.bodhiinfo.com/</p>','2016-12-30 11:54:25'),
('139','27','24','<p>Mobinion iOS build delivered to client&nbsp;on 3 Jan 2017</p>\r\n\r\n<p>Mobinion playstore upload on 7th jan 2017.</p>','2017-01-06 12:03:54'),
('141','61','24','<p>Timeline : jan 20 2017</p>','2017-01-06 12:05:07'),
('142','45','24','Status: Development','2017-01-11 17:10:03'),
('143','45','24','Assigned To: Rashid, Swathi Aravind, Asnad, Vishnu','2017-01-11 17:10:03'),
('144','60','24','Status: Closed','2017-01-11 17:10:46'),
('145','66','24','Assigned To: Sinan','2017-01-18 10:21:20'),
('146','27','24','<p>uploaded in play store on 11 jan&nbsp;2017</p>\r\n\r\n<p>mobinion playstore updation on 14 jan 2017</p>','2017-01-18 10:34:58'),
('148','64','24','Status: Development','2017-01-18 10:36:46'),
('149','61','24','Status: Development','2017-01-18 10:37:03'),
('150','63','24','Status: Development','2017-01-18 10:37:22'),
('151','12','24','Status: Development','2017-01-18 10:39:04'),
('152','12','24','Assigned To: Swathi Aravind, Mohammed Shafeeque','2017-01-18 10:39:04'),
('153','66','24','Assigned To: Irshad','2017-01-18 10:46:33'),
('154','45','24','<p>Meeting done on 30 jan 2017</p>','2017-01-30 12:17:06'),
('155','55','24','Status: Deep Dive','2017-02-15 12:36:25'),
('156','48','24','Status: Closed','2017-02-15 12:37:06'),
('157','33','24','Status: Development','2017-02-15 12:37:58'),
('158','37','24','Status: Cancelled','2017-02-15 12:38:41'),
('159','69','24','Status: Deep Dive','2017-02-15 12:43:45'),
('160','67','24','Status: Development','2017-02-15 12:44:05'),
('161','68','24','Status: Development','2017-02-15 12:44:22'),
('162','27','24','<p>Delivered ios build on jan 26 2017</p>\r\n\r\n<p>Delivered ios build on feb 9&nbsp;2017</p>\r\n\r\n<p>Delivered ios build on feb 11&nbsp;2017</p>\r\n\r\n<p>&nbsp;</p>','2017-01-27 12:51:16'),
('163','61','3','<p>Point Calculation Changes</p>\r\n\r\n<p>LOGO changes</p>\r\n\r\n<p>Add purchase return</p>','2017-02-06 09:58:42'),
('164','70','3','<p>Web mail Config</p>\r\n\r\n<p>Mail function -&gt; mail changes</p>','2017-02-17 10:02:00'),
('165','55','3','Status: Development','2017-02-17 10:02:30'),
('166','69','3','Status: Development','2017-02-17 10:03:46'),
('167','27','15','<p>iOS application submitted to appstore</p>','2017-02-17 16:47:51'),
('168','72','24','<p>Design sent.</p>\r\n\r\n<p>Conversion started.</p>','2017-02-18 10:06:06'),
('169','55','3','Assigned To: Rashid, Binfas, Sindhuja','2017-02-20 09:29:17'),
('170','74','3','Status: Development','2017-02-21 15:40:38'),
('171','34','24','Status: On Hold','2017-02-24 10:22:14'),
('172','69','24','Assigned To: Irshad','2017-02-24 10:23:32'),
('173','42','3','<p>Feb 20 -&nbsp; Delivered project with all new changes</p>','2017-02-20 10:33:05'),
('174','42','3','<p>Feb 14 -&nbsp; New changes</p>\r\n\r\n<p>&nbsp;</p>\r\n\r\n<p><br />\r\n1 - Please put a home page button in inner page, which leads to inner page<br />\r\n2 - Footer text is overlapping with items texts when moving down the items, Please fix it<br />\r\n3. arabic text mistakes , arabic menu showing crepes sweet instead sweet crepes, please fix it.<br />\r\n4- inner menu items arabic font is changed, please put the old oine back<br />\r\n5 - arabic writings are writings are wring for the items<br />\r\n6 - add chicken rounded button on the bottom left corners should only for Caesar salad.<br />\r\n&nbsp;</p>','2017-02-14 10:34:21'),
('175','42','3','<p>Jan 31 -&nbsp;&nbsp;&nbsp; We got Arabic Content</p>','2017-01-31 10:35:01'),
('176','42','3','<p>Jan 16&nbsp;&nbsp; - Sent Build</p>','2017-01-16 10:35:40'),
('177','69','24','Assigned To: Akhila T K','2017-02-24 10:45:48'),
('178','80','24','Status: Development','2017-02-24 10:50:26'),
('179','81','24','Status: Development','2017-02-24 10:50:50'),
('180','76','24','Status: Development','2017-02-24 10:51:09'),
('181','77','24','Status: Development','2017-02-24 10:51:31'),
('182','78','24','Status: Development','2017-02-24 10:51:49'),
('183','79','24','Status: Development','2017-02-24 10:53:46'),
('184','11','24','Status: Deep Dive','2017-02-24 11:37:04'),
('185','34','24','Status: Parked','2017-02-24 11:40:08'),
('186','61','24','<p>meeting with client on 27 feb 2017. told some changes:</p>\r\n\r\n<ul>\r\n	<li>one change in design</li>\r\n	<li>menu style changes in website</li>\r\n	<li>need to add otp while redeem point in application.</li>\r\n</ul>','2017-02-27 16:28:27'),
('187','68','24','Assigned To: Akhila T K, Alisha','2017-03-02 17:26:25'),
('188','69','24','Assigned To: Sujina','2017-03-03 09:40:54'),
('189','69','3','<p>Got Initial Release on March 4th</p>\r\n\r\n<p>Rashid Tested first level and Gave report on Same Day</p>','2017-03-07 11:25:39'),
('190','69','3','<p>Gave App icon on 7th march</p>','2017-03-07 11:26:53'),
('191','69','3','Assigned To: Alisha','2017-03-07 11:39:48'),
('192','84','24','Status: Closed','2017-03-11 10:49:22'),
('193','69','24','<p>TIMELINE</p>\r\n\r\n<p>a.&nbsp;&nbsp;&nbsp;&nbsp;Android&nbsp;&nbsp; :&nbsp;18/03/2017&nbsp;(&nbsp;Saturday)</p>\r\n\r\n<p>b.&nbsp;&nbsp;&nbsp;&nbsp;Admin&nbsp;&nbsp;&nbsp;&nbsp; :&nbsp;&nbsp;11/03/2017&nbsp; (&nbsp;Saturday) &nbsp;&nbsp;</p>\r\n\r\n<p>&nbsp;</p>','2017-03-11 10:50:15'),
('194','61','24','<p>TIMELINE</p>\r\n\r\n<p>a.&nbsp;&nbsp;&nbsp;&nbsp;Web : Start -&gt;&nbsp;13/03/2017&nbsp; and finish&nbsp;15/03/2017</p>\r\n\r\n<p>b.&nbsp;&nbsp;&nbsp;&nbsp;Application Already over</p>\r\n\r\n<p>&nbsp;</p>','2017-03-11 10:50:59'),
('195','85','24','<p>TIMELINE</p>\r\n\r\n<p>a.&nbsp;&nbsp;&nbsp;&nbsp;Web : Start -&gt; 10/03/2017,&nbsp;11/03/2017</p>\r\n\r\n<p>&nbsp;&nbsp;&nbsp;&nbsp; 15,16,17</p>\r\n\r\n<p>Finish&nbsp;17/03/2017</p>','2017-03-11 10:55:21'),
('196','73','24','<p>TIMELINE</p>\r\n\r\n<p>a.&nbsp;&nbsp;&nbsp;&nbsp;E-Commerce :&nbsp;18/03/2017&nbsp;(&nbsp;Saturday)</p>','2017-03-11 10:57:25'),
('197','55','24','<p>TIMELINE</p>\r\n\r\n<p>a.&nbsp;&nbsp;&nbsp;&nbsp;Application :&nbsp;21/03/2017&nbsp; &nbsp; &nbsp;</p>\r\n\r\n<p>&nbsp;</p>','2017-03-11 10:59:20'),
('198','12','24','Status: Closed','2017-03-16 11:13:38'),
('199','72','24','Status: UAT','2017-03-16 11:14:24'),
('200','45','24','Assigned To: Irshad, Akhila T K, Alisha, Arjun C.L, Ramees, Sujina','2017-03-16 11:15:29'),
('201','71','24','Status: Closed','2017-03-16 11:16:03'),
('202','68','24','Status: Closed','2017-03-16 11:16:35'),
('203','63','24','Assigned To: Akhila T K','2017-03-20 09:52:16'),
('204','87','24','Status: Development','2017-03-22 15:17:14'),
('205','87','24','<p>TIMELINE: APRIL 15 2017</p>','2017-03-22 15:17:43'),
('206','87','14',NULL,'2017-03-25 11:18:09'),
('207','72','24','Status: Closed','2017-04-05 09:58:19'),
('208','95','15','Status: Development','2017-04-08 10:39:46'),
('209','95','3','Status: Open','2017-04-08 10:47:30');

CREATE TABLE IF NOT EXISTS `projects_reports` (
  `id` int(11) NOT NULL AUTO_INCREMENT,
  `users_id` int(11) NOT NULL DEFAULT '0',
  `name` varchar(255) NOT NULL DEFAULT '',
  `display_on_home` tinyint(1) DEFAULT NULL,
  `projects_id` text,
  `projects_type_id` text,
  `projects_status_id` text,
  `in_team` int(11) DEFAULT NULL,
  `sort_order` int(11) DEFAULT NULL,
  `display_in_menu` tinyint(1) DEFAULT NULL,
  `visible_on_home` tinyint(1) DEFAULT NULL,
  PRIMARY KEY (`id`),
  KEY `users_id` (`users_id`),
  CONSTRAINT `projects_reports_ibfk_1` FOREIGN KEY (`users_id`) REFERENCES `users` (`id`) ON DELETE CASCADE ON UPDATE CASCADE
) ENGINE=InnoDB AUTO_INCREMENT=10 DEFAULT CHARSET=utf8;

INSERT IGNORE INTO projects_reports VALUES
('1','3','Current Projects','1',NULL,NULL,'9','0',NULL,'1',NULL),
('2','3','My Projects','1',NULL,NULL,'9,1','3',NULL,NULL,NULL),
('3','13','My Project','1',NULL,NULL,NULL,'13','0',NULL,NULL),
('4','15','My Project','1',NULL,NULL,NULL,'15',NULL,NULL,NULL),
('5','21','my-Mobinion','1','27','5,8','1','21',NULL,'1',NULL),
('6','20','My project','1',NULL,'7','1','20',NULL,NULL,NULL),
('7','5','My Projects','1',NULL,NULL,NULL,'5',NULL,NULL,NULL),
('8','12','My Project','1',NULL,NULL,NULL,'12',NULL,NULL,NULL),
('9','15','current Projects','1',NULL,NULL,'9','15',NULL,NULL,NULL);

CREATE TABLE IF NOT EXISTS `projects_phases` (
  `id` int(11) NOT NULL AUTO_INCREMENT,
  `projects_id` int(11) NOT NULL DEFAULT '0',
  `phases_status_id` int(11) DEFAULT NULL,
  `name` varchar(255) NOT NULL DEFAULT '',
  `due_date` date DEFAULT NULL,
  PRIMARY KEY (`id`),
  KEY `fk_projects_phases_projects` (`projects_id`),
  KEY `fk_projects_phases_phases_status` (`phases_status_id`),
  CONSTRAINT `projects_phases_ibfk_1` FOREIGN KEY (`projects_id`) REFERENCES `projects` (`id`) ON DELETE CASCADE ON UPDATE CASCADE,
  CONSTRAINT `projects_phases_ibfk_2` FOREIGN KEY (`phases_status_id`) REFERENCES `phases_status` (`id`) ON DELETE SET NULL ON UPDATE SET NULL
) ENGINE=InnoDB DEFAULT CHARSET=utf8;

CREATE TABLE IF NOT EXISTS `versions` (
  `id` int(11) NOT NULL AUTO_INCREMENT,
  `projects_id` int(11) NOT NULL DEFAULT '0',
  `versions_status_id` int(11) DEFAULT NULL,
  `name` varchar(255) NOT NULL DEFAULT '',
  `description` text,
  `due_date` date DEFAULT NULL,
  PRIMARY KEY (`id`),
  KEY `fk_versions_versions_status` (`versions_status_id`),
  KEY `fk_versions_projects` (`projects_id`),
  CONSTRAINT `versions_ibfk_1` FOREIGN KEY (`projects_id`) REFERENCES `projects` (`id`) ON DELETE CASCADE ON UPDATE CASCADE,
  CONSTRAINT `versions_ibfk_2` FOREIGN KEY (`versions_status_id`) REFERENCES `versions_status` (`id`) ON DELETE SET NULL ON UPDATE SET NULL
) ENGINE=InnoDB AUTO_INCREMENT=2 DEFAULT CHARSET=utf8;

INSERT IGNORE INTO versions VALUES
('1','57','1','Test Version 1.0','<p>testing</p>','2016-11-30');

CREATE TABLE IF NOT EXISTS `tasks_groups` (
  `id` int(11) NOT NULL AUTO_INCREMENT,
  `projects_id` int(11) NOT NULL DEFAULT '0',
  `name` varchar(255) NOT NULL DEFAULT '',
  PRIMARY KEY (`id`),
  KEY `fk_tasks_groups_projects` (`projects_id`),
  CONSTRAINT `tasks_groups_ibfk_1` FOREIGN KEY (`projects_id`) REFERENCES `projects` (`id`) ON DELETE CASCADE ON UPDATE CASCADE
) ENGINE=InnoDB AUTO_INCREMENT=3 DEFAULT CHARSET=utf8;

INSERT IGNORE INTO tasks_groups VALUES
('1','69','Android'),
('2','69','Admin - Php');

CREATE TABLE IF NOT EXISTS `tickets` (
  `id` int(11) NOT NULL AUTO_INCREMENT,
  `departments_id` int(11) DEFAULT NULL,
  `tickets_types_id` int(11) DEFAULT NULL,
  `tickets_status_id` int(11) DEFAULT NULL,
  `name` varchar(255) NOT NULL DEFAULT '',
  `description` text,
  `users_id` int(11) NOT NULL DEFAULT '0',
  `projects_id` int(11) NOT NULL DEFAULT '0',
  `created_at` datetime DEFAULT NULL,
  PRIMARY KEY (`id`),
  KEY `fk_tickets_users` (`users_id`),
  KEY `fk_tickets_tickets_status` (`tickets_status_id`),
  KEY `fk_tickets_tickets_types` (`tickets_types_id`),
  KEY `fk_tickets_projects` (`projects_id`),
  KEY `fk_tickets_departments` (`departments_id`),
  CONSTRAINT `fk_tickets_tickets_status` FOREIGN KEY (`tickets_status_id`) REFERENCES `tickets_status` (`id`) ON DELETE SET NULL ON UPDATE SET NULL,
  CONSTRAINT `fk_tickets_tickets_types` FOREIGN KEY (`tickets_types_id`) REFERENCES `tickets_types` (`id`) ON DELETE SET NULL ON UPDATE SET NULL,
  CONSTRAINT `fk_tickets_users` FOREIGN KEY (`users_id`) REFERENCES `users` (`id`) ON DELETE CASCADE ON UPDATE CASCADE,
  CONSTRAINT `tickets_ibfk_1` FOREIGN KEY (`projects_id`) REFERENCES `projects` (`id`) ON DELETE CASCADE ON UPDATE CASCADE,
  CONSTRAINT `tickets_ibfk_2` FOREIGN KEY (`departments_id`) REFERENCES `departments` (`id`) ON DELETE SET NULL ON UPDATE SET NULL
) ENGINE=InnoDB DEFAULT CHARSET=utf8;

CREATE TABLE IF NOT EXISTS `tickets_comments` (
  `id` int(11) NOT NULL AUTO_INCREMENT,
  `description` text,
  `created_at` timestamp NULL DEFAULT NULL,
  `tickets_id` int(11) NOT NULL DEFAULT '0',
  `users_id` int(11) DEFAULT NULL,
  `tickets_status_id` int(11) DEFAULT NULL,
  PRIMARY KEY (`id`),
  KEY `fk_tickets_comments_tickets` (`tickets_id`),
  KEY `fk_tickets_comments_users` (`users_id`),
  KEY `k_tickets_comments_status` (`tickets_status_id`),
  CONSTRAINT `fk_tickets_comments_tickets` FOREIGN KEY (`tickets_id`) REFERENCES `tickets` (`id`) ON DELETE CASCADE ON UPDATE CASCADE,
  CONSTRAINT `fk_tickets_comments_users` FOREIGN KEY (`users_id`) REFERENCES `users` (`id`) ON DELETE SET NULL ON UPDATE SET NULL,
  CONSTRAINT `tickets_comments_ibfk_1` FOREIGN KEY (`tickets_status_id`) REFERENCES `tickets_status` (`id`) ON DELETE SET NULL ON UPDATE SET NULL
) ENGINE=InnoDB DEFAULT CHARSET=utf8;

CREATE TABLE IF NOT EXISTS `tickets_reports` (
  `id` int(11) NOT NULL AUTO_INCREMENT,
  `users_id` int(11) NOT NULL DEFAULT '0',
  `name` varchar(255) NOT NULL DEFAULT '',
  `display_on_home` tinyint(1) DEFAULT NULL,
  `projects_id` text,
  `projects_type_id` text,
  `projects_status_id` text,
  `departments_id` text,
  `tickets_types_id` text,
  `tickets_status_id` text,
  `sort_order` int(11) DEFAULT NULL,
  PRIMARY KEY (`id`),
  KEY `users_id` (`users_id`),
  CONSTRAINT `tickets_reports_ibfk_1` FOREIGN KEY (`users_id`) REFERENCES `users` (`id`) ON DELETE CASCADE ON UPDATE CASCADE
) ENGINE=InnoDB DEFAULT CHARSET=utf8;

CREATE TABLE IF NOT EXISTS `tasks` (
  `id` int(11) NOT NULL AUTO_INCREMENT,
  `projects_id` int(11) NOT NULL DEFAULT '0',
  `tasks_status_id` int(11) DEFAULT NULL,
  `tasks_priority_id` int(11) DEFAULT NULL,
  `tasks_type_id` int(11) DEFAULT NULL,
  `tasks_label_id` int(11) DEFAULT NULL,
  `tasks_groups_id` int(11) DEFAULT NULL,
  `projects_phases_id` int(11) DEFAULT NULL,
  `versions_id` int(11) DEFAULT NULL,
  `created_by` int(11) DEFAULT NULL,
  `name` varchar(255) NOT NULL DEFAULT '',
  `description` text,
  `assigned_to` varchar(255) DEFAULT NULL,
  `estimated_time` float DEFAULT NULL,
  `due_date` date DEFAULT NULL,
  `created_at` datetime DEFAULT NULL,
  `tickets_id` int(11) DEFAULT NULL,
  `closed_date` date DEFAULT NULL,
  `discussion_id` int(11) DEFAULT NULL,
  `start_date` date DEFAULT NULL,
  `progress` int(11) DEFAULT NULL,
  PRIMARY KEY (`id`),
  KEY `fk_tasks_projects` (`projects_id`),
  KEY `fk_tasks_task_status` (`tasks_status_id`),
  KEY `fk_tasks_task_type` (`tasks_type_id`),
  KEY `fk_tasks_task_label` (`tasks_label_id`),
  KEY `fk_tasks_projects_phases` (`projects_phases_id`),
  KEY `fk_tasks_pople` (`created_by`),
  KEY `fk_tasks_tasks_groups` (`tasks_groups_id`),
  KEY `fk_tasks_versions` (`versions_id`),
  KEY `fk_tasks_tasks_priority` (`tasks_priority_id`),
  KEY `fk_tasks_tickets` (`tickets_id`),
  CONSTRAINT `tasks_ibfk_1` FOREIGN KEY (`projects_id`) REFERENCES `projects` (`id`) ON DELETE CASCADE ON UPDATE CASCADE,
  CONSTRAINT `tasks_ibfk_10` FOREIGN KEY (`tickets_id`) REFERENCES `tickets` (`id`) ON DELETE SET NULL ON UPDATE SET NULL,
  CONSTRAINT `tasks_ibfk_2` FOREIGN KEY (`tasks_status_id`) REFERENCES `tasks_status` (`id`) ON DELETE SET NULL ON UPDATE SET NULL,
  CONSTRAINT `tasks_ibfk_3` FOREIGN KEY (`tasks_priority_id`) REFERENCES `tasks_priority` (`id`) ON DELETE SET NULL ON UPDATE SET NULL,
  CONSTRAINT `tasks_ibfk_4` FOREIGN KEY (`tasks_type_id`) REFERENCES `tasks_types` (`id`) ON DELETE SET NULL ON UPDATE SET NULL,
  CONSTRAINT `tasks_ibfk_5` FOREIGN KEY (`tasks_label_id`) REFERENCES `tasks_labels` (`id`) ON DELETE SET NULL ON UPDATE SET NULL,
  CONSTRAINT `tasks_ibfk_6` FOREIGN KEY (`tasks_groups_id`) REFERENCES `tasks_groups` (`id`) ON DELETE CASCADE ON UPDATE CASCADE,
  CONSTRAINT `tasks_ibfk_7` FOREIGN KEY (`projects_phases_id`) REFERENCES `projects_phases` (`id`) ON DELETE CASCADE ON UPDATE CASCADE,
  CONSTRAINT `tasks_ibfk_8` FOREIGN KEY (`versions_id`) REFERENCES `versions` (`id`) ON DELETE CASCADE ON UPDATE CASCADE,
  CONSTRAINT `tasks_ibfk_9` FOREIGN KEY (`created_by`) REFERENCES `users` (`id`) ON DELETE SET NULL ON UPDATE SET NULL
) ENGINE=InnoDB AUTO_INCREMENT=275 DEFAULT CHARSET=utf8;

INSERT IGNORE INTO tasks VALUES
('24','7','1','5',NULL,'1',NULL,NULL,NULL,'14','Registration',NULL,'14,11',NULL,NULL,'2016-04-05 09:25:22',NULL,NULL,NULL,NULL,NULL),
('25','7','1','5',NULL,'1',NULL,NULL,NULL,'14','services (airline,package,hotel)',NULL,'14',NULL,NULL,'2016-04-05 09:30:32',NULL,NULL,NULL,NULL,NULL),
('26','7','1','5',NULL,'1',NULL,NULL,NULL,'14','services (visa,transportation,miscellaneous)',NULL,'11',NULL,NULL,'2016-04-05 09:31:05',NULL,NULL,NULL,NULL,NULL),
('27','7','1','5',NULL,'1',NULL,NULL,NULL,'14','cash payment,cash receipt',NULL,'14',NULL,NULL,'2016-04-05 09:55:10',NULL,NULL,NULL,NULL,NULL),
('28','7','1','5',NULL,'1',NULL,NULL,NULL,'14','account Report',NULL,'11',NULL,NULL,'2016-04-05 09:55:38',NULL,NULL,NULL,NULL,NULL),
('29','10','3','5','2','6',NULL,NULL,NULL,'5','Areekkan Associates',NULL,'7,5',NULL,NULL,'2016-04-05 10:03:03',NULL,NULL,NULL,NULL,'90'),
('30','7','7','2',NULL,'1',NULL,NULL,NULL,'16','Airline','<p>Front end works on adding passenger details.</p>','16',NULL,NULL,'2016-04-05 10:52:31',NULL,'2016-04-07',NULL,NULL,NULL),
('32','28','1','1','4','1',NULL,NULL,NULL,'3','PSD Designs','<p>Create PSD design for each page</p>','20,5',NULL,'2016-07-23','2016-07-19 15:18:44',NULL,NULL,NULL,'2016-07-18',NULL),
('33','28','1','1','4','1',NULL,NULL,NULL,'3','Design Conversion',NULL,'20,5',NULL,'2016-07-23','2016-07-19 15:19:07',NULL,NULL,NULL,'2016-07-18',NULL),
('34','28','1','2','4','1',NULL,NULL,NULL,'3','Add Dynamic Page - product',NULL,'19,11',NULL,'2016-07-22','2016-07-19 15:24:36',NULL,NULL,NULL,'2016-07-21',NULL),
('35','28','1','2','4','1',NULL,NULL,NULL,'3','Add Dynamic Page - new idea',NULL,'19,11',NULL,'2016-07-23','2016-07-19 15:25:09',NULL,NULL,NULL,'2016-07-22',NULL),
('36','28','1','2','4','1',NULL,NULL,NULL,'3','Add Dynamic Page - new offer',NULL,'19,11',NULL,'2016-07-22','2016-07-19 15:32:10',NULL,NULL,NULL,'2016-07-21',NULL),
('37','28','1','5','4','1',NULL,NULL,NULL,'3','Add Dynamic Page - Admin','<p>Admin - Login, Loggout, Session, Validation</p>','19,11',NULL,'2016-07-23','2016-07-19 15:33:14',NULL,NULL,NULL,'2016-07-22',NULL),
('38','28','1','5','4','1',NULL,NULL,NULL,'3','Dynamic in Webpage',NULL,'19,11',NULL,'2016-07-27','2016-07-19 15:35:17',NULL,NULL,NULL,'2016-07-25',NULL),
('39','12','1','2','2','6',NULL,NULL,NULL,'3','Chnages in product purchase - Admin','<p>In product purchase page, We done a change for multiple selection of category, need to same for multiple Product type also</p>\r\n\r\n<p>&nbsp;</p>\r\n\r\n<p>&nbsp;</p>','19,11',NULL,'2016-07-21','2016-07-19 15:46:13',NULL,NULL,NULL,'2016-07-20',NULL),
('40','27','7','2','2','2',NULL,NULL,NULL,'3','Super Admin','<p>Bug fixing for the test suite of web part&nbsp;reported on 07/16/2016.</p>\r\n\r\n<p>&nbsp;</p>','3,21,16',NULL,NULL,'2016-07-20 10:29:01',NULL,'2016-12-26',NULL,NULL,NULL),
('41','7','7','5','3','4',NULL,NULL,NULL,'3','Changes in 19/7/2016','<p>1.Company registration time error for sending mail. check their server and fix the block in sending mail</p>','3,14',NULL,NULL,'2016-07-22 09:51:15',NULL,NULL,NULL,NULL,NULL),
('42','7','1','5','2','1',NULL,NULL,NULL,'3','Changes in 19/7/2016','<p>1. Want to block the staff and company</p>\r\n\r\n<p>2.&nbsp;Reset password option</p>\r\n\r\n<p>3.&nbsp;Show profit report</p>\r\n\r\n<p>4. Staff want to edit or delete their own data. And want to see all data of their company</p>\r\n\r\n<p>5.&nbsp;In payment, receipt &lsquo; remark &lsquo; in pop up</p>\r\n\r\n<p>6.&nbsp;Each bill need one discount option</p>\r\n\r\n<p>7.&nbsp;In case of payment and receipt Include invoice no in &rsquo; remark&rsquo; of transaction table</p>\r\n\r\n<p>8.&nbsp;Account details no need to delete, if that account used anywhere else.</p>','14',NULL,NULL,'2016-07-22 09:56:35',NULL,NULL,NULL,NULL,NULL),
('44','7','1','5','4','1',NULL,NULL,NULL,'3','Changes in 19/7/2016','<p>1. In invoice package not possible to select the some package.<br />\r\n2. Error showing with created package.<br />\r\n3. Remark should have all information contains in print.<br />\r\n4. Invoice package is possible to save without any passenger.<br />\r\n5. Passport validity date up to six month validation.<br />\r\n6. Package status index page need to show the count of male, female, adult, child, rooms.<br />\r\n7.Package status view need to show Nationality, passenger total, amount paid, balance to pay, mofa, emofa.<br />\r\n8. Need to show the invoice details of each package.<br />\r\n9. Package status convert to excel (printing) .<br />\r\n10. Package status on clicking on one package it need to show the combined view of all packages in that departure date.</p>','11',NULL,NULL,'2016-07-22 10:25:16',NULL,NULL,NULL,NULL,NULL),
('45','7','1','5','2','1',NULL,NULL,NULL,'3','Changes in 19/7/2016','<p>1.&nbsp;For remark in transaction table (details field)</p>\r\n\r\n<p>&nbsp; &nbsp; &nbsp; &nbsp; &nbsp; Airline - invNo, passName, passportNo, sector from, sector to, ticket &nbsp; &nbsp; &nbsp; &nbsp; &nbsp; &nbsp; &nbsp; &nbsp; &nbsp; &nbsp; &nbsp; &nbsp; &nbsp; &nbsp; &nbsp; &nbsp; &nbsp; &nbsp; No,pnr,by(staffName)</p>\r\n\r\n<p>&nbsp; &nbsp; &nbsp; &nbsp; &nbsp; Hotel - invNo,passName,hotel name,checkin date,No of Rooms,total days</p>\r\n\r\n<p>&nbsp; &nbsp; &nbsp; &nbsp; &nbsp; Visa - Other than amount everything in print</p>\r\n\r\n<p>&nbsp; &nbsp; &nbsp; &nbsp; &nbsp; Misc - InvNo, passName,narration</p>\r\n\r\n<p>&nbsp; &nbsp; &nbsp; &nbsp; &nbsp; Transportation &ndash; InvNo,Service provider,no.of adults and childrens ,days,vehicles</p>\r\n\r\n<p>2.&nbsp;Add one textbox for &lsquo;pnr&rsquo; in invoice airline</p>\r\n\r\n<p>3.&nbsp;Calender Validation</p>\r\n\r\n<p>4.&nbsp;Mahram change &ndash; change mahram details according to male details of that invoice</p>\r\n\r\n<p>5.&nbsp;Passport date validation</p>\r\n\r\n<p>6.&nbsp;Mofa, emofa edit</p>\r\n\r\n<p>7.&nbsp;Customer mobile and place needed in index page of customer account</p>\r\n\r\n<p>8.&nbsp;Customer name,mob no of customer want to put in passenger index page</p>\r\n\r\n<p>9.&nbsp;Printing in bank receipt</p>','19',NULL,NULL,'2016-07-22 10:36:32',NULL,NULL,NULL,NULL,NULL),
('46','7','1','5','4','1',NULL,NULL,NULL,'3','Changes after meeting in 19/7/2016','<p>1.&nbsp;For remark in transaction table (details field)</p>\r\n\r\n<p>&nbsp; &nbsp; &nbsp; &nbsp; &nbsp; Airline - invNo, passName, passportNo, sector from, sector to, ticket &nbsp; &nbsp; &nbsp; &nbsp; &nbsp; &nbsp; &nbsp; &nbsp; &nbsp; &nbsp; &nbsp; &nbsp; &nbsp; &nbsp; &nbsp; &nbsp; &nbsp; &nbsp; No,pnr,by(staffName)</p>\r\n\r\n<p>&nbsp; &nbsp; &nbsp; &nbsp; &nbsp; Hotel - invNo,passName,hotel name,checkin date,No of Rooms,total days</p>\r\n\r\n<p>&nbsp; &nbsp; &nbsp; &nbsp; &nbsp; Visa - Other than amount everything in print</p>\r\n\r\n<p>&nbsp; &nbsp; &nbsp; &nbsp; &nbsp; Misc - InvNo, passName,narration</p>\r\n\r\n<p>&nbsp; &nbsp; &nbsp; &nbsp; &nbsp; Transportation &ndash; InvNo,Service provider,no.of adults and childrens ,days,vehicles</p>\r\n\r\n<p>2.&nbsp;Add one textbox for &lsquo;pnr&rsquo; in invoice airline</p>\r\n\r\n<p>3.&nbsp;Calender Validation</p>\r\n\r\n<p>4.&nbsp;Mahram change &ndash; change mahram details according to male details of that invoice</p>\r\n\r\n<p>5.&nbsp;Passport date validation</p>\r\n\r\n<p>6.&nbsp;Mofa, emofa edit</p>\r\n\r\n<p>7.&nbsp;Customer mobile and place needed in index page of customer account</p>\r\n\r\n<p>8.&nbsp;Customer name,mob no of customer want to put in passenger index page</p>\r\n\r\n<p>9.&nbsp;Printing in bank receipt</p>','19',NULL,NULL,'2016-07-22 10:37:45',NULL,NULL,NULL,NULL,NULL),
('47','7','1','5','4','1',NULL,NULL,NULL,'3','Changes after meeting in 19/7/2016','<p>1.&nbsp;For remark in transaction table (details field)</p>\r\n\r\n<p>&nbsp; &nbsp; &nbsp; &nbsp; &nbsp; Airline - invNo, passName, passportNo, sector from, sector to, ticket &nbsp; &nbsp; &nbsp; &nbsp; &nbsp; &nbsp; &nbsp; &nbsp; &nbsp; &nbsp; &nbsp; &nbsp; &nbsp; &nbsp; &nbsp; &nbsp; &nbsp; &nbsp; No,pnr,by(staffName)</p>\r\n\r\n<p>&nbsp; &nbsp; &nbsp; &nbsp; &nbsp; Hotel - invNo,passName,hotel name,checkin date,No of Rooms,total days</p>\r\n\r\n<p>&nbsp; &nbsp; &nbsp; &nbsp; &nbsp; Visa - Other than amount everything in print</p>\r\n\r\n<p>&nbsp; &nbsp; &nbsp; &nbsp; &nbsp; Misc - InvNo, passName,narration</p>\r\n\r\n<p>&nbsp; &nbsp; &nbsp; &nbsp; &nbsp; Transportation &ndash; InvNo,Service provider,no.of adults and childrens ,days,vehicles</p>\r\n\r\n<p>2.&nbsp;Add one textbox for &lsquo;pnr&rsquo; in invoice airline</p>\r\n\r\n<p>3.&nbsp;Calender Validation</p>\r\n\r\n<p>4.&nbsp;Mahram change &ndash; change mahram details according to male details of that invoice</p>\r\n\r\n<p>5.&nbsp;Passport date validation</p>\r\n\r\n<p>6.&nbsp;Mofa, emofa edit</p>\r\n\r\n<p>7.&nbsp;Customer mobile and place needed in index page of customer account</p>\r\n\r\n<p>8.&nbsp;Customer name,mob no of customer want to put in passenger index page</p>\r\n\r\n<p>9.&nbsp;Printing in bank receipt</p>','19',NULL,NULL,'2016-07-22 10:39:17',NULL,NULL,NULL,NULL,NULL),
('52','7','1','5','2','1',NULL,NULL,NULL,'3','Package - date validation',NULL,'19',NULL,NULL,'2016-07-22 12:13:01',NULL,NULL,NULL,NULL,NULL),
('53','30','1','2','4','1',NULL,NULL,NULL,'3','Basic template',NULL,'16',NULL,'2016-07-22','2016-07-23 15:46:41',NULL,NULL,NULL,'2016-07-22','100'),
('54','32','1','2','4','1',NULL,NULL,NULL,'3','Design and develop',NULL,'20',NULL,NULL,'2016-08-04 17:44:21',NULL,NULL,NULL,'2016-08-01',NULL),
('55','33','7','2','4','1',NULL,NULL,NULL,'3','Website Inner pages Design','<ul>\r\n	<li>Home</li>\r\n	<li>About us</li>\r\n	<li>Booking\r\n	<ul>\r\n		<li>Room booking</li>\r\n		<li>Online payment options</li>\r\n	</ul>\r\n	</li>\r\n	<li>Facilities\r\n	<ul>\r\n		<li>List all the facilities of hotel</li>\r\n	</ul>\r\n	</li>\r\n	<li>Packages\r\n	<ul>\r\n		<li>Show different packages</li>\r\n		<li>Customize option on packages</li>\r\n		<li>Customers can select foods and number of rooms</li>\r\n		<li>Customers Can Select Facility they need(WiFi , AC, Travelling facility, etc)</li>\r\n		<li>Order with payment gateway</li>\r\n	</ul>\r\n	</li>\r\n	<li>Gallery\r\n	<ul>\r\n		<li>Page will be dynamic. Admin can add gallery images and show in slider.</li>\r\n	</ul>\r\n	</li>\r\n	<li>Restaurant\r\n	<ul>\r\n		<li>Details of menu</li>\r\n		<li>Images</li>\r\n	</ul>\r\n	</li>\r\n	<li>Feedback options\r\n	<ul>\r\n		<li>Contact details with location map</li>\r\n	</ul>\r\n	</li>\r\n</ul>','20,5','7','2016-09-09','2016-09-01 18:32:34',NULL,'2016-09-19',NULL,'2016-09-03',NULL),
('56','33','7','2','4','1',NULL,NULL,NULL,'3','Website conversion','<ul>\r\n	<li>Home</li>\r\n	<li>About us</li>\r\n	<li>Booking\r\n	<ul>\r\n		<li>Room booking</li>\r\n		<li>Online payment options</li>\r\n	</ul>\r\n	</li>\r\n	<li>Facilities\r\n	<ul>\r\n		<li>List all the facilities of hotel</li>\r\n	</ul>\r\n	</li>\r\n	<li>Packages\r\n	<ul>\r\n		<li>Show different packages</li>\r\n		<li>Customize option on packages</li>\r\n		<li>Customers can select foods and number of rooms</li>\r\n		<li>Customers Can Select Facility they need(WiFi , AC, Travelling facility, etc)</li>\r\n		<li>Order with payment gateway</li>\r\n	</ul>\r\n	</li>\r\n	<li>Gallery\r\n	<ul>\r\n		<li>Page will be dynamic. Admin can add gallery images and show in slider.</li>\r\n	</ul>\r\n	</li>\r\n	<li>Restaurant\r\n	<ul>\r\n		<li>Details of menu</li>\r\n		<li>Images</li>\r\n	</ul>\r\n	</li>\r\n	<li>Feedback options\r\n	<ul>\r\n		<li>Contact details with location map</li>\r\n	</ul>\r\n	</li>\r\n</ul>','20,5','11','2016-09-15','2016-09-01 18:35:02',NULL,'2016-09-19',NULL,'2016-09-03',NULL),
('57','33','1','2','4','1',NULL,NULL,NULL,'3','Back-end coding php','<ul>\r\n	<li>Add, edit &amp; delete hotels\r\n	<ul>\r\n		<li>Hotel name, place, address, contact no, email, description</li>\r\n	</ul>\r\n	</li>\r\n	<li>Create users\r\n	<ul>\r\n		<li>Name, address, phone, email, User name, password, hotel &lt;select&gt;</li>\r\n	</ul>\r\n	</li>\r\n	<li>User permission\r\n	<ul>\r\n		<li>Add\r\n		<ul>\r\n			<li>Room type, room status, cleaning status, rooms, packages</li>\r\n		</ul>\r\n		</li>\r\n		<li>Edit\r\n		<ul>\r\n			<li>Room type, room status, cleaning status, rooms, packages</li>\r\n		</ul>\r\n		</li>\r\n		<li>Delete\r\n		<ul>\r\n			<li>Room type, room status, cleaning status, rooms, packages</li>\r\n		</ul>\r\n		</li>\r\n		<li>Booking\r\n		<ul>\r\n			<li>Rooms, packages</li>\r\n		</ul>\r\n		</li>\r\n		<li>Show online booking</li>\r\n		<li>Reports\r\n		<ul>\r\n			<li>Room booking, online room booking, package, payments, receipts, due report,</li>\r\n		</ul>\r\n		</li>\r\n	</ul>\r\n	</li>\r\n	<li>Room&nbsp;management\r\n	<ul>\r\n		<li>Add, edit &amp; delete Room types\r\n		<ul>\r\n			<li>Room type</li>\r\n		</ul>\r\n		</li>\r\n		<li>Add, edit &amp; delete Room status\r\n		<ul>\r\n			<li>Room status</li>\r\n		</ul>\r\n		</li>\r\n		<li>Add, edit &amp; delete Cleaning Status\r\n		<ul>\r\n			<li>Cleaning Status</li>\r\n		</ul>\r\n		</li>\r\n		<li>Add, edit &amp; delete rooms\r\n		<ul>\r\n			<li>Hotel &lt;select&gt; ,Room type &lt;select&gt;, room name, room no, rate per day, tax %, Total amount, Seasonal Rate floor no, Room status, cleaning status, facilities &lt;text area&gt;</li>\r\n		</ul>\r\n		</li>\r\n	</ul>\r\n	</li>\r\n	<li>Package management\r\n	<ul>\r\n		<li>Add, Edit &amp; delete\r\n		<ul>\r\n			<li>Package name, no of nights, no of days, hotel name &lt;select&gt;, description</li>\r\n			<li>Check box\r\n			<ul>\r\n				<li>Airport transportation</li>\r\n				<li>Laundry service</li>\r\n				<li>Internet / wifi</li>\r\n				<li>Include\r\n				<ul>\r\n					<li>Break fast</li>\r\n					<li>Lunch</li>\r\n					<li>Dinner</li>\r\n					<li>Candle light dinner</li>\r\n				</ul>\r\n				</li>\r\n			</ul>\r\n			</li>\r\n			<li>Other inclusion &lt; text area&gt;</li>\r\n			<li>&lt;images &gt; 5 image</li>\r\n		</ul>\r\n		</li>\r\n	</ul>\r\n	</li>\r\n	<li>Booking&nbsp;management\r\n	<ul>\r\n		<li>Online booking\r\n		<ul>\r\n			<li>Check in date, check out date, no of adult, no of children, no of room needed</li>\r\n			<li>Show hotel and room details that available, rate, facilities</li>\r\n			<li>Option for book now option&nbsp;</li>\r\n		</ul>\r\n		</li>\r\n		<li>Office booking\r\n		<ul>\r\n			<li>Add, edit delete booking</li>\r\n			<li>Date &lt;select&gt; ( check in and check out), &lt;select&gt; room type -&gt; show vacant rooms</li>\r\n			<li>Select room(s), show rate ( editing option for rate)</li>\r\n			<li>&nbsp;no of adult, no&nbsp; of children,</li>\r\n			<li>Customer name, address ( house name/no, place, city, state, country, pin), phone, alternative no, email, remark, photo , image of document</li>\r\n		</ul>\r\n		</li>\r\n		<li>Advance payment and other payments\r\n		<ul>\r\n			<li>Customer name/room no and date&nbsp;&nbsp; show total amount to be paid, total paid report</li>\r\n			<li>Amount paying, bill printing</li>\r\n		</ul>\r\n		</li>\r\n	</ul>\r\n	</li>\r\n	<li>Report&nbsp;\r\n	<ul>\r\n		<li>Show customer report</li>\r\n		<li>Booking report\r\n		<ul>\r\n			<li>Online and office booking</li>\r\n			<li>Search with customer name, dates, hotel, rooms, room type</li>\r\n			<li>Payments report</li>\r\n		</ul>\r\n		</li>\r\n	</ul>\r\n	</li>\r\n	<li>Add/edit Food menu (image)\r\n	<ul>\r\n		<li>Food name, description, image</li>\r\n	</ul>\r\n	</li>\r\n	<li>Add/edit gallery images\r\n	<ul>\r\n		<li>Image, description</li>\r\n	</ul>\r\n	</li>\r\n</ul>','16,11','20','2016-09-27','2016-09-01 18:39:32',NULL,NULL,NULL,'2016-09-05',NULL),
('58','47','7','2','4','1',NULL,NULL,NULL,'3','Admin Side',NULL,'3,21,15',NULL,'2016-09-05','2016-10-12 10:18:55',NULL,'2016-10-12',NULL,'2016-08-23','100'),
('59','57','7','2','3','1',NULL,NULL,NULL,'3','Clarifications on requirements','<p>Hi, Give clarifications on requirements. testing</p>','10',NULL,'2016-11-16','2016-11-15 11:47:33',NULL,'2017-04-08',NULL,NULL,'25'),
('60','27','7','2','4','1',NULL,NULL,NULL,'3','Poll,Contest,Feedback Deletion',NULL,'21','15',NULL,'2016-11-16 16:42:02',NULL,'2016-11-16',NULL,NULL,'100'),
('61','27','7','2','4','1',NULL,NULL,NULL,'3','Suspend User',NULL,'21',NULL,NULL,'2016-11-16 16:45:43',NULL,'2016-11-16',NULL,NULL,NULL),
('62','57','1','2','3','1',NULL,NULL,'1','3','Test task for linda app testing','<p>Test task, please avoid this.</p>\r\n\r\n<p>Floating widget is nothing but the view that is drawn over other applications. Android system allows applications to draw over other application if the application has android.permission.SYSTEM_ALERT_WINDOW permission. We are going to use the background service to add the floating widget into the view hierarchy of the current screen. So, this floating view is always on top of application windows.</p>','18,21',NULL,NULL,'2016-12-02 11:16:06',NULL,NULL,NULL,NULL,NULL),
('63','57','7','5','4','1',NULL,NULL,'1','3','Test task for linda app testing 2','<p>Floating widget is nothing but the view that is drawn over other applications. Android system allows applications to draw over other application if the application has android.permission.SYSTEM_ALERT_WINDOW permission. We are going to use the background service to add the floating widget into the view hierarchy of the current screen. So, this floating view is always on top of application windows.</p>','10',NULL,'2016-12-05','2016-12-02 11:22:34',NULL,'2017-04-08',NULL,'2016-12-15','50'),
('64','57','7','2','4','1',NULL,NULL,NULL,'3','web services for view','<p>1. Login<br />\r\n2. Project<br />\r\n3. Task<br />\r\n4. Discussion<br />\r\n5. Comments<br />\r\n6. Payments</p>','3','4','2016-12-03','2016-12-03 11:59:54',NULL,'2016-12-03',NULL,'2016-11-30','100'),
('65','61','7','1','4','1',NULL,NULL,NULL,'3','DB Design',NULL,'14','1','2016-12-27','2016-12-27 15:11:47',NULL,'2016-12-30',NULL,'2016-12-27','100'),
('66','61','1','5','4','1',NULL,NULL,NULL,'3','login form','<p>Login form completed by Shafeeque. I did insertion,view of point setting&nbsp;</p>','14','2','2017-01-03','2016-12-30 09:47:35',NULL,NULL,NULL,'2017-01-02','100'),
('67','61','1','5','4','1',NULL,NULL,NULL,'3','branch',NULL,'19','2','2017-01-02','2016-12-30 09:48:23',NULL,NULL,NULL,'2016-12-31',NULL),
('68','61','1','5','4','1',NULL,NULL,NULL,'3','SMS setting form',NULL,'14',NULL,'2016-12-31','2016-12-30 09:51:46',NULL,NULL,NULL,'2016-12-30','100'),
('69','61','1','5','4','1',NULL,NULL,NULL,'3','Point setting',NULL,'16','2','2016-12-31','2016-12-30 09:59:54',NULL,NULL,NULL,'2016-12-30',NULL),
('70','61','1','5','4','1',NULL,NULL,NULL,'3','Offer details adding',NULL,'16',NULL,'2017-02-04','2016-12-30 10:02:32',NULL,NULL,NULL,'2017-01-03',NULL),
('71','61','1','5','4','1',NULL,NULL,NULL,'3','Offer details adding',NULL,'19',NULL,'2017-02-04','2016-12-30 10:03:06',NULL,NULL,NULL,'2017-01-03',NULL),
('72','61','1','5','4','1',NULL,NULL,NULL,'3','Customer Registration',NULL,'11','3','2017-01-02','2016-12-30 10:05:15',NULL,NULL,NULL,'2016-12-30',NULL),
('73','66','1','5','4','1',NULL,NULL,NULL,'3','Ledger Report',NULL,'3','1','2017-02-17','2017-02-17 10:12:06',NULL,NULL,NULL,'2017-02-17','75'),
('74','27','7','2','4','1',NULL,NULL,NULL,'3','Ios app store','<p>mobinion IOS&nbsp;submitted to app store&nbsp;</p>','15',NULL,NULL,'2017-02-17 16:43:50',NULL,'2017-04-08',NULL,NULL,'100'),
('75','71','7','5','4','2',NULL,NULL,NULL,NULL,'Insecure “Forget Password” implementation','<p>Do not send sensitive info over email, only password reset url should be sent. &nbsp;</p>\r\n\r\n<p>Forgot password contained in 3 places.&nbsp;</p>','14,16',NULL,NULL,'2017-02-17 16:54:04',NULL,'2017-02-24',NULL,NULL,'100'),
('76','71','7','5','4','2',NULL,NULL,NULL,NULL,'Cleartext password “hidden” at update profile page','<p>Password should not be sent on postback, only required info to be sent on postback</p>','14',NULL,NULL,'2017-02-17 16:55:49',NULL,'2017-02-17',NULL,NULL,'50'),
('78','55','7','5','4','1',NULL,NULL,NULL,'3','DB Design for First Module',NULL,'3','10','2017-02-23','2017-02-23 10:29:03',NULL,'2017-03-03',NULL,'2017-02-22','100'),
('79','67','1','5','4','1',NULL,NULL,NULL,'24','Lameon','<p>Conversion Going on</p>','5',NULL,NULL,'2017-02-24 10:14:02',NULL,NULL,NULL,NULL,'55'),
('81','72','1','2','4','1',NULL,NULL,NULL,'3','Wordpress Conversion',NULL,'16',NULL,'2017-03-08','2017-02-24 10:21:50',NULL,NULL,NULL,'2017-02-21','90'),
('82','71','7','5','4','1',NULL,NULL,NULL,NULL,'Insufficient product quantity validation','<p>add validation on quantity fields (-1 is accepted now</p>','16',NULL,NULL,'2017-02-24 10:22:01',NULL,'2017-02-24',NULL,NULL,'100'),
('84','74','1','5','4','1',NULL,NULL,NULL,NULL,'social media page analysis-Bodhi','<p>1)Completed Analysis of social media pages &nbsp;and accounts of bodhi .</p>\r\n\r\n<p>&nbsp; &nbsp; Linkedin</p>\r\n\r\n<p>&nbsp; &nbsp; google+ &nbsp; &nbsp; &nbsp; &nbsp; &nbsp; &nbsp; - Noted down the sections that need to be improved.</p>\r\n\r\n<p>&nbsp; &nbsp; youtube</p>\r\n\r\n<p>2) twitter account created for bodhi</p>\r\n\r\n<p>&nbsp; &nbsp;username:bodhicontact</p>\r\n\r\n<p>&nbsp; &nbsp;password: bodhi@0007</p>\r\n\r\n<p>&nbsp; &nbsp;Updated profile picture and cover photo.</p>\r\n\r\n<p>3) youtbe channel bodhi</p>\r\n\r\n<p>&nbsp; &nbsp; youtube account and&nbsp;chennel is already there.</p>\r\n\r\n<p>&nbsp; &nbsp; optimized 3 videos in channel with good content.</p>\r\n\r\n<p>&nbsp; &nbsp; &nbsp;completed keyword research and added to tags and contents.</p>\r\n\r\n<p>4)Instagram</p>\r\n\r\n<p>&nbsp; &nbsp;Added two photos in bodhi instagram account.</p>\r\n\r\n<p>&nbsp;</p>','21,28,27',NULL,NULL,'2017-02-24 10:26:07',NULL,NULL,NULL,NULL,NULL),
('85','71','7','5','4','1',NULL,NULL,NULL,NULL,'Weak CAPTCHA implementation','<p>implement new captcha, use a good one</p>','14,16',NULL,NULL,'2017-02-24 10:29:33',NULL,'2017-02-24',NULL,NULL,'100'),
('87','69','7','5','4','1',NULL,NULL,NULL,'24','Create view for gallery',NULL,'10',NULL,NULL,'2017-02-24 10:36:10',NULL,'2017-02-24',NULL,NULL,'100'),
('88','69','7','5','4','1',NULL,NULL,NULL,'24','Create detail view of gallery image',NULL,'10',NULL,NULL,'2017-02-24 10:36:51',NULL,'2017-03-08',NULL,NULL,'100'),
('91','69','7','5','4','1',NULL,NULL,NULL,'24','Palliative Module Design','<p>Design over</p>','17','6','2017-02-24','2017-02-24 10:41:01',NULL,'2017-02-27',NULL,'2017-02-24','100'),
('92','7','1','5','4','1',NULL,NULL,NULL,'3','Bug fixing','<p>Bugs showed in meeting on 21/2/2017. That all bugs want to fix.</p>','14',NULL,NULL,'2017-02-24 10:42:18',NULL,NULL,NULL,NULL,'65'),
('93','77','1','5','4','1',NULL,NULL,NULL,'24','Accounts and social media-Cachet Qatar','<p>1)Created Gmail account for chachet Qatar&nbsp;</p>\r\n\r\n<p>&nbsp; &nbsp;username:cachetqtr@gmail.com</p>\r\n\r\n<p>&nbsp; &nbsp;password:cachet#$123</p>\r\n\r\n<p>2)Facebook account created.</p>\r\n\r\n<p>&nbsp; &nbsp;username:cachetqtr</p>\r\n\r\n<p>&nbsp; &nbsp;password:fcachet#$123</p>\r\n\r\n<p>&nbsp; &nbsp;Added description in&nbsp;Fb page of cachet Qatar.</p>\r\n\r\n<p>4)Twitter account created for Cachet Qatar.</p>\r\n\r\n<p>&nbsp; &nbsp;username:cachetqtr</p>\r\n\r\n<p>&nbsp; &nbsp;password:tcachet#$17</p>\r\n\r\n<p>&nbsp; &nbsp;profile photo and cover photo updated.</p>',NULL,NULL,NULL,'2017-02-24 10:44:08',NULL,NULL,NULL,NULL,NULL),
('94','69','7','5','4','1',NULL,NULL,NULL,'24','Important Places Designs','<p>complete</p>','22',NULL,NULL,'2017-02-24 10:44:28',NULL,'2017-02-27',NULL,NULL,NULL),
('95','77','1','5','4','1',NULL,NULL,NULL,'24','Accounts and social media-Cachet Qatar','<p>1)Created Gmail account for chachet Qatar&nbsp;</p>\r\n\r\n<p>&nbsp; &nbsp;username:cachetqtr@gmail.com</p>\r\n\r\n<p>&nbsp; &nbsp;password:cachet#$123</p>\r\n\r\n<p>2)Facebook account created.</p>\r\n\r\n<p>&nbsp; &nbsp;username:cachetqtr</p>\r\n\r\n<p>&nbsp; &nbsp;password:fcachet#$123</p>\r\n\r\n<p>&nbsp; &nbsp;Added description in&nbsp;Fb page of cachet Qatar.</p>\r\n\r\n<p>4)Twitter account created for Cachet Qatar.</p>\r\n\r\n<p>&nbsp; &nbsp;username:cachetqtr</p>\r\n\r\n<p>&nbsp; &nbsp;password:tcachet#$17</p>\r\n\r\n<p>&nbsp; &nbsp;profile photo and cover photo updated.</p>','24,28,27',NULL,NULL,'2017-02-24 10:45:54',NULL,NULL,NULL,NULL,NULL),
('96','55','7','5','4','1',NULL,NULL,NULL,'3','Configuration of Project',NULL,'3','8','2017-02-23','2017-02-24 10:46:02',NULL,'2017-02-24',NULL,'2017-02-23','100'),
('97','69','1','5','4','1',NULL,NULL,NULL,'24','Web service','<p>Create web service for karassery panchayath app</p>','14',NULL,NULL,'2017-02-24 10:47:07',NULL,NULL,NULL,NULL,'100'),
('98','78','1','5','4','1',NULL,NULL,NULL,NULL,'Website analysis  and report- Heliopolice','<p>1)Website analysis</p>\r\n\r\n<p>&nbsp; &nbsp; completed website analysis.</p>\r\n\r\n<p>&nbsp; &nbsp; prepared audit report in new format.</p>\r\n\r\n<p>&nbsp; &nbsp; keyword research is going on.(Will complete on 24/02/17)</p>','21,28,27',NULL,NULL,'2017-02-24 10:54:48',NULL,NULL,NULL,NULL,NULL),
('99','79','1','5','4','1',NULL,NULL,NULL,NULL,'social media - Heliopolice','<p>1) Prepared quotes for making posters (with suggestion of Sruthi )</p>\r\n\r\n<p>&nbsp; &nbsp; send to irshad for design</p>\r\n\r\n<p>&nbsp;2)one new post is published in fab page.</p>\r\n\r\n<p>&nbsp;</p>','28,27',NULL,NULL,'2017-02-24 10:58:42',NULL,NULL,NULL,NULL,NULL),
('100','69','7','5','4','1',NULL,NULL,NULL,'24','Service Design',NULL,'18',NULL,NULL,'2017-02-24 11:31:09',NULL,'2017-02-25',NULL,NULL,NULL),
('101','74','1','4','4','1',NULL,NULL,NULL,NULL,'Instagram account creation for Bodhi info solution','<p>Instagram account created for Bodhi Info solutions</p>\r\n\r\n<p>Email id:bodhicontact@gmail.com</p>\r\n\r\n<p>User Name:bodhiinfosln</p>\r\n\r\n<p>Password:enlighten0721</p>\r\n\r\n<p>profile pic ,Description of company also given in account</p>','21,28,27',NULL,'2017-02-22','2017-02-24 12:30:52',NULL,NULL,NULL,'2017-02-22','100'),
('102','77','1','5','4','1',NULL,NULL,NULL,'24','Created instagram account for Cachet Qatar','<p>Created Instagram account for Cachet Qatar.</p>\r\n\r\n<p>Email id:cachetqtr@gmail.com</p>\r\n\r\n<p>User id:cachet_qatar</p>\r\n\r\n<p>user name:Cachet Qatar</p>\r\n\r\n<p>pw:cachet#$123</p>\r\n\r\n<p>Profile pic also setted for the account.</p>','24,5,28,27',NULL,'2017-02-22','2017-02-24 12:43:12',NULL,NULL,NULL,'2017-02-22','100'),
('103','74','1','5','4','1',NULL,NULL,NULL,NULL,'Fb page auditing of bodhi info solutions','<p>Fb page of bodhi info solutions audited.</p>\r\n\r\n<p>total likes -3,702&nbsp;</p>\r\n\r\n<p>total follows-3,690</p>\r\n\r\n<p>total photos-322</p>\r\n\r\n<p>total videos-2</p>','21,28,27',NULL,'2017-02-22','2017-02-24 12:49:35',NULL,NULL,NULL,'2017-02-22','100'),
('104','74','1','5','4','1',NULL,NULL,NULL,NULL,'make a new profile account for bodhi info solutions to set adminrole of variable fb pages(bodhi concepturs,polling booth,bodhi info solutions,helio police',NULL,NULL,NULL,NULL,'2017-02-24 12:56:34',NULL,NULL,NULL,NULL,NULL),
('105','74','1','5','4','1',NULL,NULL,NULL,NULL,'make a new profile account for bodhi info solutions to set adminrole of variable fb pages(bodhi concepturs,polling booth,bodhi info solutions,helio police)','<p>new fb profile account for bodhi info solutions created.</p>\r\n\r\n<p>Email id:bodhicontact@gmail.com</p>\r\n\r\n<p>user name:Bodhi Infosln</p>\r\n\r\n<p>pw:enlighten0721</p>\r\n\r\n<p>&nbsp;made &nbsp;the admin role for following fb pages linked with &nbsp;this fb profile account as mentioned above.</p>\r\n\r\n<p>Fb pages are -</p>\r\n\r\n<p>Bodhi concepturs,Polling Booth,Bodhi info solutions,Helio police</p>','21,28,27',NULL,'2017-02-22','2017-02-24 13:00:54',NULL,NULL,NULL,'2017-02-22','100'),
('106','74','1','5','4','1',NULL,NULL,NULL,NULL,'posted 3 photos in instagram of bodhi info solutions','<p>posted 3 photos in &nbsp;instagram account for bodhi info solutions</p>\r\n\r\n<p>&nbsp;</p>','21,28,27',NULL,'2017-02-22','2017-02-24 13:10:29',NULL,NULL,NULL,'2017-02-22',NULL),
('107','79','1','5','4','1',NULL,NULL,NULL,NULL,'Helio police Fb page auditing','<p>Heliopolice fb page auditing.</p>\r\n\r\n<p>Total likes -1,409</p>\r\n\r\n<p>total photos-49</p>\r\n\r\n<p>total videos-3&nbsp;</p>\r\n\r\n<p>total follows-1,409</p>','28,27',NULL,'2017-02-22','2017-02-24 14:11:27',NULL,NULL,NULL,'2017-02-22',NULL),
('108','74','1','5','4','1',NULL,NULL,NULL,NULL,'Analyse the google + page of bodhi info solutions with other MNC google + page.','<p>Analysed the google + page of bodhi info solutions with MNC company google + page(Qburst page).</p>\r\n\r\n<p>Bodhi &#39;s google + page is nill.Noy yet added anything.As soon as possible we need to post more IT related articles,Companys posters,Events pics,techinical News etc.</p>\r\n\r\n<p>We need to implement our bodhi info solutions Google + page to be active mode.</p>','21,28,27',NULL,'2017-02-21','2017-02-24 14:34:51',NULL,NULL,NULL,'2017-02-21',NULL),
('109','78','1','5','4','1',NULL,NULL,NULL,NULL,'Keyword reseaech for Helio police project','<p>Keyword research for Helio police project and make listed &nbsp;an&nbsp;average searchable keywords related to this project also done.</p>\r\n\r\n<p>&nbsp;</p>','21,28,27',NULL,'2017-02-24','2017-02-24 16:38:45',NULL,NULL,NULL,'2017-02-24',NULL),
('110','79','1','5','4','1',NULL,NULL,NULL,NULL,'Helio police Fb page poster posting','<p>posted one poster in Heliopolice fb page.</p>','28,27',NULL,'2017-02-25','2017-02-25 12:33:48',NULL,NULL,NULL,'2017-02-25','100'),
('111','74','1','5','4','1',NULL,NULL,NULL,NULL,'posted 2 pics in instagram of bodhi info solutions','<p>posted 2 pics in instagram of bodhi info solutions</p>','21,28,27',NULL,'2017-02-25','2017-02-25 12:59:46',NULL,NULL,NULL,'2017-02-25',NULL),
('112','74','1','5','4','1',NULL,NULL,NULL,NULL,'updating the details of bodhi fb account for to use the admin role','<p>updating the details of the bodhi fb &nbsp;profile account to make as the admin role in these projects</p>','21,28,27',NULL,'2017-02-25','2017-02-25 13:03:52',NULL,NULL,NULL,'2017-02-25',NULL),
('113','69','7','5','4','1',NULL,NULL,NULL,'24','Padhathikal module',NULL,'10',NULL,NULL,'2017-02-25 14:11:15',NULL,'2017-03-08',NULL,NULL,'100'),
('114','69','7','5','4','1',NULL,NULL,NULL,'24','Panchaytha module','<p>* About panchayath</p>\r\n\r\n<p>* Pothuvivarangal</p>\r\n\r\n<p>* Maps</p>','10',NULL,NULL,'2017-02-25 14:12:42',NULL,'2017-02-25',NULL,NULL,'100'),
('115','69','7','5','4','1',NULL,NULL,NULL,'24','History module',NULL,'10',NULL,NULL,'2017-02-25 14:13:05',NULL,'2017-02-25',NULL,NULL,'100'),
('116','69','7','5','4','1',NULL,NULL,NULL,'24','Representatives module',NULL,'10',NULL,NULL,'2017-02-25 14:13:47',NULL,'2017-03-08',NULL,NULL,'100'),
('117','69','7','5','4','1',NULL,NULL,NULL,'24','Standing commitee module',NULL,'10',NULL,NULL,'2017-02-25 14:14:24',NULL,'2017-03-08',NULL,NULL,'100'),
('118','69','7','5','4','1',NULL,NULL,NULL,'24','Important numbers module',NULL,'10',NULL,NULL,'2017-02-25 14:14:51',NULL,'2017-03-08',NULL,NULL,'100'),
('119','69','7','5','4','1',NULL,NULL,NULL,'24','Launcher activity',NULL,'10',NULL,NULL,'2017-02-25 14:15:47',NULL,'2017-02-25',NULL,NULL,'100'),
('120','69','7','5','4','1',NULL,NULL,NULL,'24','Database service',NULL,'10',NULL,NULL,'2017-02-25 14:17:45',NULL,'2017-03-08',NULL,NULL,'100'),
('121','69','7','5','4','1',NULL,NULL,NULL,'24','Network service',NULL,'10',NULL,NULL,'2017-02-25 14:18:05',NULL,'2017-03-08',NULL,NULL,'100'),
('122','69','7','5','4','1',NULL,NULL,NULL,'24','News,Service,Palliative,Pmc,Plans,Medical Equipments Data layer','<p>Need to start the data layer and replace the dummy data with original data</p>','17','15','2017-03-01','2017-02-27 10:05:18',NULL,'2017-03-02',NULL,'2017-02-27','100'),
('123','69','7','5','4','1',NULL,NULL,NULL,'24','Database design',NULL,'10',NULL,NULL,'2017-02-27 10:25:31',NULL,'2017-02-27',NULL,NULL,'100'),
('124','73','1','5','2','1',NULL,NULL,NULL,'24','Designs',NULL,'5',NULL,NULL,'2017-02-27 11:46:42',NULL,NULL,NULL,NULL,NULL),
('125','80','1','5',NULL,'1',NULL,NULL,NULL,NULL,'Apco suzuki keyword research','<p>&nbsp;Done the keyword research for apco suzuki &nbsp;and listed keywords sended to jishnu sreeraj(digital marketing executive).</p>','21,28,27',NULL,NULL,'2017-02-27 16:36:49',NULL,NULL,NULL,'2017-02-27','100'),
('126','74','1','5',NULL,'1',NULL,NULL,NULL,NULL,'putted i post in instagram of bodhi info solutions','<p>putted&nbsp;1 post in the instagram account of bodhi info solutions.</p>','21,28,27',NULL,'2017-02-27','2017-02-27 16:43:29',NULL,NULL,NULL,'2017-02-27',NULL),
('127','82','1','5',NULL,'1',NULL,NULL,NULL,NULL,'made a facebook page for alfarooj','<p>made a facebook page for alfarooj</p>\r\n\r\n<p>&nbsp;</p>\r\n\r\n<p>email id:broastalfarooj@gmail.com</p>\r\n\r\n<p>pw:broastalfarooj54321</p>','28,27',NULL,'2017-02-27','2017-02-27 16:52:15',NULL,NULL,NULL,'2017-02-27',NULL),
('128','82','1','5',NULL,'1',NULL,NULL,NULL,NULL,'created gmail account for Al farooj','<p>Created gmail account for Alfarooj</p>\r\n\r\n<p>email id:broastalfarooj@gmail.com</p>\r\n\r\n<p>pw:broastalfarooj54321</p>','28,27',NULL,'2017-02-27','2017-02-27 16:57:04',NULL,NULL,NULL,'2017-02-27',NULL),
('129','79','1','5',NULL,'1',NULL,NULL,NULL,NULL,'posted 2 pics in twitter account of Heliopolice','<p>posted 2 pics in twitter account of Heliopolice ,</p>\r\n\r\n<p>link:https://twitter.com/heliopolice</p>\r\n\r\n<p>email id:</p>\r\n\r\n<p><u style=\"color:rgb(17, 85, 204); font-family:arial,sans-serif; text-decoration:underline; white-space:nowrap\">hlptwitter@gmail.com</u></p>\r\n\r\n<p>pw</p>\r\n\r\n<p>opbluestar:</p>\r\n\r\n<p>&nbsp;</p>','28,27',NULL,NULL,'2017-02-27 17:08:41',NULL,NULL,NULL,NULL,NULL),
('130','74','1','5',NULL,'1',NULL,NULL,NULL,NULL,'Instagram -bodhi','<p>Added 2 photos in bodhiinfosln(instagram account)</p>','21,28,27',NULL,NULL,'2017-02-27 17:16:19',NULL,NULL,NULL,'2017-02-23','100'),
('131','83','1','5',NULL,'1',NULL,NULL,NULL,NULL,'SEO Audit report-Daisman','<p>website analysis of daisman.in .</p>','28,27',NULL,NULL,'2017-02-27 17:22:10',NULL,NULL,NULL,'2017-02-24','100'),
('132','83','1','5','2','1',NULL,NULL,NULL,NULL,'keyword- research','<p>keyword research completed.-daisman.in</p>','28,27',NULL,NULL,'2017-02-27 17:27:43',NULL,NULL,NULL,'2017-02-24','100'),
('133','80','1','5','2','1',NULL,NULL,NULL,NULL,'website analysis-Apcosuzuki','<p>Completed website analysis.</p>','21,28,27',NULL,NULL,'2017-02-27 17:34:29',NULL,NULL,NULL,'2017-02-27','100'),
('134','80','1','5',NULL,'1',NULL,NULL,NULL,NULL,'Report-apcosuzuki.com','<p>Report submitted to Abbas sir,Rashid sir,Maqbool sir,</p>','21,28,27',NULL,NULL,'2017-02-27 17:38:02',NULL,NULL,NULL,'2017-02-27','100'),
('135','83','1','5',NULL,'1',NULL,NULL,NULL,NULL,'Report-daisman.in','<p>Report submission.</p>','28,27',NULL,NULL,'2017-02-27 17:42:18',NULL,NULL,NULL,'2017-02-25','100'),
('136','79','1','5',NULL,'1',NULL,NULL,NULL,NULL,'posted 1 pic in fb page of heliopolice','<p>posted 1 pic in fb page of heliopolice</p>','28,27',NULL,'2017-02-28','2017-02-28 17:00:53',NULL,NULL,NULL,'2017-02-28',NULL),
('137','74','1','5',NULL,'1',NULL,NULL,NULL,NULL,'posted 2 pics in instagram of bodhi info solutions','<p>posted 2 pics in instagram of bodhi info solutions.</p>','21,28,27',NULL,'2017-02-28','2017-02-28 17:03:29',NULL,NULL,NULL,'2017-02-28',NULL),
('138','81','1','5',NULL,'1',NULL,NULL,NULL,NULL,'created instagram account for apco suzuki','<p>created instagram account for apco suzuki.</p>\r\n\r\n<p>its linked with the fb account of apco suzuki.(login with facebook)</p>\r\n\r\n<p>&nbsp;</p>\r\n\r\n<p>username:asmapcosuzuki@gmail.com</p>\r\n\r\n<p>pw:asmapcosuzuki</p>\r\n\r\n<p>&nbsp;</p>','28,27',NULL,NULL,'2017-02-28 17:07:35',NULL,NULL,NULL,NULL,NULL),
('139','55','7','5','4','1',NULL,NULL,NULL,'3','Raw Meterial Category, Raw Meterial',NULL,'3','20','2017-02-02','2017-03-01 12:51:15',NULL,'2017-03-22',NULL,'2017-02-27','100'),
('140','82','1','5','4','1',NULL,NULL,NULL,NULL,'Fixed the cover pic of Alfarooj in fb page.','<p>Fixed the cover pic of Alfarooj in fb page.</p>','28,27',NULL,'2017-03-01','2017-03-01 17:40:18',NULL,NULL,NULL,'2017-03-01',NULL),
('141','74','1','5','4','1',NULL,NULL,NULL,NULL,'posted and updated the linkedin profile of bodhi info solutions','<p>posted and updated the linkedin profile of bodhi info solutions.</p>','21,28,27',NULL,'2017-03-01','2017-03-01 17:51:48',NULL,NULL,NULL,'2017-03-01',NULL),
('142','74','1','5','4','1',NULL,NULL,NULL,NULL,'posted 3 pics in instagram account of bodhi.','<p>posted 3 pics in instagram account of bodhi.</p>','21,28,27',NULL,'2017-03-01','2017-03-01 17:56:12',NULL,NULL,NULL,'2017-03-01',NULL),
('143','74','1','5','4','1',NULL,NULL,NULL,NULL,'Pinterest- Account creation Bodhi.','<p>Created an account for bodhi in Pinterest.</p>\r\n\r\n<p>username:bodhiinfosln</p>\r\n\r\n<p>password:enlighten0721</p>','21,28,27',NULL,NULL,'2017-03-02 00:52:22',NULL,NULL,NULL,'2017-02-28','100'),
('144','74','1','5','4','1',NULL,NULL,NULL,NULL,'optimized-Linkedin Bodhi','<p>updated cover photo.</p>\r\n\r\n<p>given all details specialities,description,about&nbsp;</p>','21,28,27',NULL,NULL,'2017-03-02 00:58:25',NULL,NULL,NULL,'2017-02-28','100'),
('145','74','1','5','4','1',NULL,NULL,NULL,NULL,'Bodhi Google+ - poster(online business) added.','<p>1 new poster added in google+ of bodhi.</p>','21,28,27',NULL,NULL,'2017-03-02 01:02:56',NULL,NULL,NULL,'2017-03-01','100'),
('146','74','1','5','4','1',NULL,NULL,NULL,NULL,'Bodhi LinkedIn - poster(online business) added.','<p>added new post in LinkedIn account of bodhi</p>','21,28,27',NULL,NULL,'2017-03-02 01:05:54',NULL,NULL,NULL,'2017-03-01','100'),
('147','82','1','5','4','1',NULL,NULL,NULL,NULL,'Testing and Report -Al Farooj website','<p>Completed Website testing &nbsp;of Al Farooj and report submitted.</p>','28,27',NULL,'2017-03-01','2017-03-02 01:11:34',NULL,NULL,NULL,'2017-03-01','100'),
('148','69','1','5','4','1',NULL,NULL,NULL,'24','Service',NULL,'18',NULL,NULL,'2017-03-02 10:33:54',NULL,NULL,NULL,NULL,NULL),
('149','84','7','5','4','1',NULL,NULL,NULL,NULL,'Project Configuration',NULL,'16',NULL,NULL,'2017-03-02 10:40:06',NULL,'2017-03-02',NULL,'2017-02-22','100'),
('150','84','1','5','4','1',NULL,NULL,NULL,NULL,'Upgrading Pyro CMS version',NULL,NULL,NULL,NULL,'2017-03-02 10:43:09',NULL,NULL,NULL,'2017-02-24','20'),
('151','7','1','5','4','1',NULL,NULL,NULL,'3','Package - New requirement','<p>As per the meeting held on 21-02-2017, the client gave some requirement changes for package module. According to that requirement a new logic is going to implement in package module. That are&nbsp;</p>\r\n\r\n<p>1. Create customer, supplier account of each branch for&nbsp;each other branch so that the other branches also use the package created by one branch.</p>\r\n\r\n<p>2. Keep a table for the purchase amount for each branch for each package. So that every other branches can&nbsp;get some commission while using the package created by one branch.</p>\r\n\r\n<p>And my task is to check the possibilities for implementing new logic, Try this with some manual entry to db&nbsp;and prepare a document about the new changes for sending to client.&nbsp;</p>','11',NULL,NULL,'2017-03-02 10:49:14',NULL,NULL,NULL,'2017-03-01',NULL),
('152','61','1','5','4','1',NULL,NULL,NULL,'3','OTP sending','<p>OTP sending completed in redeemed time.</p>','19',NULL,NULL,'2017-03-02 17:29:09',NULL,NULL,NULL,NULL,NULL),
('153','61','1','5','4','1',NULL,NULL,NULL,'3','SMS format','<p>Arabic and English sms content changes done</p>','19',NULL,'2017-03-02','2017-03-02 17:29:54',NULL,NULL,NULL,'2017-03-01','100'),
('154','68','1','5','4','1',NULL,NULL,NULL,'24','Features Module','<p>Features add,edit,delete completed</p>','19',NULL,'2017-03-02','2017-03-02 17:36:00',NULL,NULL,NULL,'2017-03-02','100'),
('155','68','1','5','4','1',NULL,NULL,NULL,'24','Mail sending in Contact - front end','<p>Mail sending inn contact page (front end of traiac)</p>','19',NULL,'2017-03-02','2017-03-02 17:36:46',NULL,NULL,NULL,'2017-03-02','100'),
('156','68','1','5','4','1',NULL,NULL,NULL,'24','Pagination','<p>Paginations in all the modules in admin side</p>','19',NULL,'2017-03-02','2017-03-02 17:37:19',NULL,NULL,NULL,'2017-03-02','100'),
('157','74','1','5','4','1',NULL,NULL,NULL,NULL,'posted 2 pics in bodhi FB page','<p>posted 2 pics in bodhi FB page.</p>','21,28,27',NULL,'2017-03-02','2017-03-02 17:40:17',NULL,NULL,NULL,'2017-03-02',NULL),
('158','74','1','5','4','1',NULL,NULL,NULL,NULL,'posted 3 pics in twittwer account of bodhi',NULL,'21,28,27',NULL,'2017-03-02','2017-03-02 17:41:11',NULL,NULL,NULL,'2017-03-02',NULL),
('159','74','1','5','4','1',NULL,NULL,NULL,NULL,'beta testing for medical surgical treatment project','<p>beta testing for medical surgical treatment project</p>','21,28,27',NULL,'2017-03-02','2017-03-02 17:42:11',NULL,NULL,NULL,'2017-03-02',NULL),
('160','82','1','5','4','1',NULL,NULL,NULL,NULL,'putted a poster for alfarooj in fb page','<p>putted a poster for alfarooj in fb page&nbsp;</p>','28,27',NULL,'2017-03-02','2017-03-02 17:43:07',NULL,NULL,NULL,'2017-03-02',NULL),
('161','69','1','5','4','1',NULL,NULL,NULL,'24','Admin part','<p>Web part for managing the application by the admin. UI for data insertions and manipulation.&nbsp;</p>','11',NULL,NULL,'2017-03-03 10:02:06',NULL,NULL,NULL,'2017-03-03',NULL),
('163','74','1','5','4','1',NULL,NULL,NULL,NULL,'upload pic in instagram account of bodhi info solutions','<p>upload pic in instagram account of bodhi info solutions</p>','21,28,27',NULL,'2017-03-03','2017-03-03 18:38:01',NULL,NULL,NULL,'2017-03-03',NULL),
('164','82','1','5','4','1',NULL,NULL,NULL,NULL,'updated details of  the FB page of alfarooj','<p>updated details of &nbsp;the FB page of alfarooj&nbsp;</p>','28,27',NULL,'2017-03-03','2017-03-03 18:39:54',NULL,NULL,NULL,'2017-03-03',NULL),
('165','55','1','5','4','1',NULL,NULL,NULL,'3','Ledger and Ledger Reports',NULL,'3','6','2017-03-03','2017-03-04 17:14:57',NULL,NULL,NULL,'2017-03-03','90'),
('166','55','1','5','4','1',NULL,NULL,NULL,'3','Raw Meterial Purchase',NULL,'3','30','2017-03-10','2017-03-04 17:16:00',NULL,NULL,NULL,'2017-03-04','90'),
('167','69','7','5','5','6',NULL,NULL,NULL,'3','First Level Checking of Application','<p><strong><u>Karassery Android App Bugs and Suggestions</u></strong></p>\r\n\r\n<ol>\r\n	<li>Karassery\r\n	<ol style=\"list-style-type:lower-alpha\">\r\n		<li>Karassery\r\n		<ol style=\"list-style-type:lower-roman\">\r\n			<li>No picture</li>\r\n			<li>Change font</li>\r\n			<li>Increase Text line spacing</li>\r\n		</ol>\r\n		</li>\r\n		<li>Map\r\n		<ol style=\"list-style-type:lower-roman\">\r\n			<li>Picture is stretched ??</li>\r\n		</ol>\r\n		</li>\r\n	</ol>\r\n	</li>\r\n	<li>History\r\n	<ol style=\"list-style-type:lower-alpha\">\r\n		<li>Card layout should have same style ( karassery category page )\r\n		<ol style=\"list-style-type:lower-roman\">\r\n			<li>Increase Text line spacing</li>\r\n		</ol>\r\n		</li>\r\n	</ol>\r\n	</li>\r\n	<li>Janapradinidhikal\r\n	<ol style=\"list-style-type:lower-alpha\">\r\n		<li>Listing\r\n		<ol style=\"list-style-type:lower-roman\">\r\n			<li>Name below picture should be bold and increase font size</li>\r\n			<li>Increase Text line spacing</li>\r\n		</ol>\r\n		</li>\r\n	</ol>\r\n	</li>\r\n	<li>News\r\n	<ol style=\"list-style-type:lower-alpha\">\r\n		<li>Overlapping heading to picture\r\n		<ol style=\"list-style-type:lower-roman\">\r\n			<li>Innerpage\r\n			<ol>\r\n				<li>Increase Text line spacing</li>\r\n				<li>Heading&nbsp;&nbsp; -&gt; increase font size and make it bold</li>\r\n			</ol>\r\n			</li>\r\n		</ol>\r\n		</li>\r\n	</ol>\r\n	</li>\r\n	<li>Palliative care\r\n	<ol style=\"list-style-type:lower-alpha\">\r\n		<li>Card layout should have same style. Here card is in middle of page\r\n		<ol style=\"list-style-type:lower-roman\">\r\n			<li>Aswas and PMC\r\n			<ol>\r\n				<li>Position should be bold</li>\r\n			</ol>\r\n			</li>\r\n			<li>Medical Equipment\r\n			<ol>\r\n				<li>Should be left Align</li>\r\n			</ol>\r\n			</li>\r\n		</ol>\r\n		</li>\r\n	</ol>\r\n	</li>\r\n	<li>Gallery\r\n	<ol style=\"list-style-type:lower-alpha\">\r\n		<li>Slideshow\r\n		<ol style=\"list-style-type:lower-roman\">\r\n			<li>Show title in center align</li>\r\n			<li>If Possible put &lt;&nbsp; and&nbsp; &gt; for sliding</li>\r\n			<li>Back button in slideshow</li>\r\n		</ol>\r\n		</li>\r\n	</ol>\r\n	</li>\r\n	<li>Hotspot\r\n	<ol style=\"list-style-type:lower-alpha\">\r\n		<li>Category page\r\n		<ol style=\"list-style-type:lower-roman\">\r\n			<li>Put title in bold\r\n			<ol>\r\n				<li>Inner page\r\n				<ol style=\"list-style-type:lower-alpha\">\r\n					<li>No description</li>\r\n				</ol>\r\n				</li>\r\n			</ol>\r\n			</li>\r\n		</ol>\r\n		</li>\r\n	</ol>\r\n	</li>\r\n	<li>Standing Committee\r\n	<ol style=\"list-style-type:lower-alpha\">\r\n		<li>President and vice- president names not showing</li>\r\n		<li>Standing committee spelling issue</li>\r\n		<li>Numbering issue\r\n		<ol style=\"list-style-type:lower-roman\">\r\n			<li>Start from 1 in every committee</li>\r\n		</ol>\r\n		</li>\r\n	</ol>\r\n	</li>\r\n	<li>Service\r\n	<ol style=\"list-style-type:lower-alpha\">\r\n		<li>Downloading is not working&nbsp;&nbsp;&nbsp;&nbsp; /&nbsp; crashing</li>\r\n	</ol>\r\n	</li>\r\n	<li>Plans\r\n	<ol>\r\n		<li>Downloading is not working&nbsp;&nbsp;&nbsp;&nbsp;</li>\r\n	</ol>\r\n	</li>\r\n</ol>','3','2','2017-03-04','2017-03-07 11:23:52',NULL,'2017-03-07',NULL,'2017-03-04','100'),
('168','69','1','5','4','1',NULL,NULL,NULL,'24','Nwes','<p>News module add,edit and delete option</p>','19',NULL,'2017-03-07','2017-03-07 14:19:13',NULL,NULL,NULL,'2017-03-07','95'),
('169','69','1','5','4','1',NULL,NULL,NULL,'24','Paliative','<p>Paliative module add,edit and delete.</p>','19',NULL,'2017-03-07','2017-03-07 14:20:11',NULL,NULL,NULL,'2017-03-07','95'),
('170','69','1','5','4','1',NULL,NULL,NULL,'24','Plan Category','<p>Plan category add,edit and delete</p>',NULL,NULL,'2017-03-07','2017-03-07 14:21:09',NULL,NULL,NULL,'2017-03-07',NULL),
('171','69','1','5','4','1',NULL,NULL,NULL,'24','Plan Category','<p>Plan category add,edit and delete</p>','19',NULL,'2017-03-07','2017-03-07 14:21:56',NULL,NULL,NULL,'2017-03-07','95'),
('172','55','7','5','4','1',NULL,NULL,NULL,'3','Units','<p>Units module completed, now and need a testing</p>','21',NULL,NULL,'2017-03-08 10:20:45',NULL,'2017-03-08',NULL,NULL,NULL),
('173','55','1','5','4','1',NULL,NULL,NULL,'3','Company','<p>&nbsp;</p>\r\n\r\n<p>add, edit and delete<br />\r\nField : ID, name, address, phone</p>','21',NULL,NULL,'2017-03-08 10:21:40',NULL,NULL,NULL,NULL,NULL),
('174','69','7','5','4','1',NULL,NULL,NULL,'24','Bug fixing',NULL,'10',NULL,NULL,'2017-03-08 11:03:52',NULL,'2017-04-08',NULL,NULL,'50'),
('175','69','7','5','4','1',NULL,NULL,NULL,'24','Offline data management in all the views','<p>Offline data will be displayed by default. If no offline data available for the first time the user try to view a particular view, then data should be loaded from the network and stored as offline data, then display the same.</p>','10',NULL,NULL,'2017-03-08 11:06:18',NULL,'2017-03-08',NULL,NULL,'100'),
('176','69','7','5','4','1',NULL,NULL,NULL,'24','Admin part-Create db, insert data',NULL,'14',NULL,NULL,'2017-03-09 09:44:18',NULL,'2017-03-09',NULL,NULL,NULL),
('177','69','1','5','4','1','2',NULL,NULL,'24','Admin part-Ad,Emergency contacts, Enquiry, Gallary, Hotspot, Map, Medical Equipments','<p>Ad,Emergency contacts, Enquiry, Gallary, Hotspot are completed</p>','14',NULL,NULL,'2017-03-09 09:46:46',NULL,NULL,NULL,NULL,'100'),
('178','69','1','5','4','1','2',NULL,NULL,'24','Admin part- News, Paliative, Plan category, Plan details, pmc, Statistics',NULL,'19',NULL,NULL,'2017-03-09 09:48:23',NULL,NULL,NULL,NULL,NULL),
('179','69','1','5','4','1',NULL,NULL,NULL,'24','Admin part- Position, Representatives, Representatives position, Service office, Service category, Service subcateory, Service, standing commitee, Standing commitee Details',NULL,'11',NULL,NULL,'2017-03-09 09:50:44',NULL,NULL,NULL,NULL,NULL),
('180','69','7','5','3','2',NULL,NULL,NULL,'10','Bug fixing of second test release','<p>Second test release was delivered to the testing team on 7th March 2017. Bug fixing based on the test report.</p>','10','0','2017-03-10',NULL,NULL,'2017-04-08',NULL,'2017-03-09',NULL),
('181','69','7','2','2','6',NULL,NULL,NULL,'10','Adding Ads in selected inner pages of Android app','<p>Ads are now displayed only in main page of the app. Selected inner pages are also required to display ads.</p>','26,5,10,22','0','2017-03-20',NULL,NULL,NULL,NULL,'2017-03-10',NULL),
('182','69','7','5','2','6',NULL,NULL,NULL,'10','Overall design changes','<p>After discussion among BDOs and Shamnas sir, some design changes are being suggested by different parties.</p>','26,5,10','0','2017-03-20',NULL,NULL,'2017-04-08',NULL,'2017-03-13',NULL),
('183','69','7','5','2','6',NULL,NULL,NULL,'10','News reel display in launcher page of Android app','<p>A running news reel display is to be added in the main page</p>','26,5,10','0','2017-03-21',NULL,NULL,'2017-04-08',NULL,'2017-03-20',NULL),
('184','80','1','5','4','1',NULL,NULL,NULL,NULL,'Created 4 backlinks for apco website','<p>Created 4 backlinks for apco website.</p>','21,28,27',NULL,'2017-03-04','2017-03-09 12:52:53',NULL,NULL,NULL,'2017-03-04',NULL),
('185','74','1','5','4','1',NULL,NULL,NULL,NULL,'putted hiring poster in linkedin ,Fb page,instagram account of bodhi.','<p>putted hiring poster in linkedin ,Fb page,instagram account of bodhi.</p>','21,28,27',NULL,'2017-03-04','2017-03-09 13:02:00',NULL,NULL,NULL,'2017-03-04',NULL),
('186','74','1','5','4','1',NULL,NULL,NULL,NULL,'made an testing report for dashboard of  traiac project.','<p>made an testing report for dashboard of &nbsp;traiac project.</p>','21,28,27',NULL,'2017-03-04','2017-03-09 13:04:20',NULL,NULL,NULL,'2017-03-04',NULL),
('187','81','1','5','4','1',NULL,NULL,NULL,NULL,'posted 2 posts in instagram account,1 tweet in twitter account of apco','<p>posted 2 posts in instagram account,1 tweet in twitter account of apco</p>','28,27',NULL,'2017-03-07','2017-03-09 13:08:07',NULL,NULL,NULL,'2017-03-07',NULL),
('188','79','1','5','4','1',NULL,NULL,NULL,NULL,'posted 1 tweet in twitter account of helio police','<p>posted 1 tweet in twitter account of helio police.</p>','28,27',NULL,'2017-03-07','2017-03-09 13:10:07',NULL,NULL,NULL,'2017-03-07',NULL),
('189','80','1','5','4','1',NULL,NULL,NULL,NULL,'Created 2 backlinks for apco website','<p>Created 2 backlinks for apco website</p>','21,28,27',NULL,'2017-03-07','2017-03-09 13:11:36',NULL,NULL,NULL,'2017-03-07',NULL),
('190','74','1','5','4','1',NULL,NULL,NULL,NULL,'updated the fb cover and profile pic for dekolex','<p>updated the fb cover and profile pic for dekolex</p>','21,28,27',NULL,'2017-03-07','2017-03-09 13:13:02',NULL,NULL,NULL,'2017-03-07',NULL),
('191','69','7','5','4','1',NULL,NULL,NULL,'24','Ads in the app','<p>Ads in the bottom of all main views,</p>\r\n\r\n<p>Ads should</p>\r\n\r\n<p>* Swippable</p>\r\n\r\n<p>* Flips in a fixed time</p>\r\n\r\n<p>* launch the web browser upon clicked</p>','10',NULL,NULL,'2017-03-11 12:48:54',NULL,'2017-04-08',NULL,NULL,NULL),
('192','7','1','5','2','6',NULL,NULL,NULL,'3','Starting - Package Changes','<p>Package module is restarting with new logic in case of supplier account and &nbsp;usage of package by the other branches and their commision.&nbsp;</p>','11',NULL,NULL,'2017-03-13 09:53:26',NULL,NULL,NULL,'2017-03-13',NULL),
('193','45','7','1','4','1',NULL,NULL,NULL,'3','Database designing',NULL,'14',NULL,NULL,'2017-03-18 09:28:54',NULL,'2017-03-18',NULL,NULL,'100'),
('194','45','1','5','4','1',NULL,NULL,NULL,'3','database creation',NULL,'14',NULL,'2017-03-18','2017-03-18 09:47:00',NULL,NULL,NULL,'2017-03-18','100'),
('195','7','1','5','4','1',NULL,NULL,NULL,'3','Merge bill details in every payment and receipt',NULL,'14',NULL,NULL,'2017-03-18 09:48:20',NULL,NULL,NULL,NULL,NULL),
('196','63','1','5','4','1',NULL,NULL,NULL,NULL,'New requirements got on 18/3/2017','<p>1. land lord option in&nbsp; admin part.</p>\r\n\r\n<p>2. make land lords separate from properties.</p>\r\n\r\n<p>3. Add landlord category</p>\r\n\r\n<p>3. Use landlord category instead of property category in front-end landlord form.</p>\r\n\r\n<p>4. Element place changing and some other changes of elements</p>',NULL,NULL,NULL,'2017-03-20 10:00:31',NULL,NULL,NULL,NULL,NULL),
('197','7','1','5','4','1',NULL,NULL,NULL,'3','New Changes in accounting',NULL,'19',NULL,NULL,'2017-03-20 10:04:23',NULL,NULL,NULL,NULL,NULL),
('198','55','1','5','4','1',NULL,NULL,NULL,'3','Raw Material Export',NULL,NULL,NULL,NULL,'2017-03-20 10:07:24',NULL,NULL,NULL,NULL,'90'),
('199','55','7','5','4','1',NULL,NULL,NULL,'3','Product Stock and Row Material Stock',NULL,'3','6','2017-03-20','2017-03-22 15:19:18',NULL,'2017-03-22',NULL,'2017-03-20','100'),
('200','55','7','5','4','1',NULL,NULL,NULL,'3','Damage Product',NULL,'3','6','2017-03-21','2017-03-22 15:19:47',NULL,'2017-03-22',NULL,'2017-03-21','100'),
('201','63','1','5','4','1',NULL,NULL,NULL,NULL,'Emirates dashbord',NULL,'14',NULL,NULL,'2017-03-22 17:22:04',NULL,NULL,NULL,NULL,'100'),
('202','7','1','5','4','1',NULL,NULL,NULL,'3','purchase report creation',NULL,'14',NULL,'2017-03-23','2017-03-22 17:23:10',NULL,NULL,NULL,'2017-03-22','60'),
('203','7','1','5','4','1',NULL,NULL,NULL,'3','testing',NULL,'14',NULL,NULL,'2017-03-22 17:24:16',NULL,NULL,NULL,NULL,'20'),
('204','7','1','5','4','1',NULL,NULL,NULL,'3','Markaz validation checking',NULL,'19',NULL,NULL,'2017-03-23 09:10:40',NULL,NULL,NULL,NULL,NULL),
('205','81','1','5','4','1',NULL,NULL,NULL,NULL,'2 pics posted in instagram account of apco suzuki','<p>2 pics posted in instagram account of apco suzuki (old event pics)</p>','28,27',NULL,'2017-03-09','2017-03-24 10:50:58',NULL,NULL,NULL,'2017-03-09',NULL),
('206','74','1','5','4','1',NULL,NULL,NULL,NULL,'added video in you tube channel','<p>putted a video to youtube channel of bodhi.(polling booth video)&nbsp;</p>','21,28,27',NULL,'2017-03-09','2017-03-24 10:54:17',NULL,NULL,NULL,'2017-03-09',NULL),
('207','74','1','5','4','1',NULL,NULL,NULL,NULL,'posted vaccancy poster in job portals','<p>posted vaccancy poster &nbsp;of bodhi in job portals&nbsp;</p>','21,28,27',NULL,'2017-03-09','2017-03-24 10:56:53',NULL,NULL,NULL,'2017-03-09',NULL),
('208','74','1','5','4','1',NULL,NULL,NULL,NULL,'posted vaccancy poster in job portals','<p>posted vaccancy poster in job portals&nbsp;</p>','21,28,27',NULL,'2017-03-10','2017-03-24 10:59:58',NULL,NULL,NULL,'2017-03-10',NULL),
('209','79','1','5','4','1',NULL,NULL,NULL,NULL,'1 post posted for heliopolice sm pages','<p>1 post posted for heliopolice sm pages(instagram &amp; twitter)</p>','28,27',NULL,'2017-03-10','2017-03-24 11:01:57',NULL,NULL,NULL,'2017-03-10',NULL),
('210','82','1','5','4','1',NULL,NULL,NULL,NULL,'1 paid post for alfarooj','<p>1 paid post for alfarooj fb page</p>','28,27',NULL,'2017-03-10','2017-03-24 11:06:48',NULL,NULL,NULL,'2017-03-10',NULL),
('211','81','1','5','4','1',NULL,NULL,NULL,NULL,'1 post in fb page of apco,instagram,&twitter','<p>1 post in fb page of apco,instagram,&amp;twitter&nbsp;</p>\r\n\r\n<p>done holi poster for apco fb page</p>','28,27',NULL,'2017-03-11','2017-03-24 11:12:34',NULL,NULL,NULL,'2017-03-11',NULL),
('212','79','1','5','4','1',NULL,NULL,NULL,NULL,'putted 1 tweet in twitter of heliopolice &  scheduled holi post for HP fb page','<p>putted 1 tweet in twitter of heliopolice &amp; scheduled holi post for HP fb page</p>','28,27',NULL,'2017-03-11','2017-03-24 11:49:36',NULL,NULL,NULL,'2017-03-11',NULL),
('213','88','1','5','4','1',NULL,NULL,NULL,NULL,'updated details of fb page of dekolux','<p>updated details&nbsp;fb page of dekolux</p>','23,28,27',NULL,'2017-03-11','2017-03-24 11:53:33',NULL,NULL,NULL,'2017-03-11',NULL),
('214','74','1','5','4','1',NULL,NULL,NULL,NULL,'posted 1 post in instagram of bodhi & scheduled the holi day poster in fb page','<p>posted 1 post in instagram of bodhi &amp; scheduled the holi day poster in fb page</p>','21,28,27',NULL,'2017-03-11','2017-03-24 11:55:41',NULL,NULL,NULL,'2017-03-11',NULL),
('215','7','1','5','4','1',NULL,NULL,NULL,'3','Validation checking and correction  in every Invoice',NULL,'19',NULL,NULL,'2017-03-24 11:56:08',NULL,NULL,NULL,NULL,NULL),
('216','81','1','5','4','1',NULL,NULL,NULL,NULL,'posted in 1 post in instagram of apco','<p>posted in 1 post in instagram of apco &amp; scheduled the holi post in fb page</p>','28,27',NULL,'2017-03-11','2017-03-24 11:58:10',NULL,NULL,NULL,'2017-03-11',NULL),
('217','82','1','5','4','1',NULL,NULL,NULL,NULL,'1 post for alfarooj','<p>1 post for fb page alfarooj</p>','28,27',NULL,'2017-03-13','2017-03-24 12:04:32',NULL,NULL,NULL,'2017-03-13',NULL),
('218','79','1','5','4','1',NULL,NULL,NULL,NULL,'1 post for heliopolice fb page & twitter page of HP','<p>1 post for heliopolice fb page &amp; twitter page of HP.</p>','28,27',NULL,'2017-03-13','2017-03-24 12:10:34',NULL,NULL,NULL,'2017-03-13',NULL),
('219','81','1','5','4','1',NULL,NULL,NULL,NULL,'putted 1 post in instagram of apco','<p>putted 1 post in instagram of apco</p>','28,27',NULL,'2017-03-13','2017-03-24 12:13:42',NULL,NULL,NULL,'2017-03-13',NULL),
('220','74','1','5','4','1',NULL,NULL,NULL,NULL,'helped for testing of the karassery panchayath app','<p>helped for testing of the karassery &nbsp;panchayath app</p>','21,28,27',NULL,'2017-03-13','2017-03-24 12:15:23',NULL,NULL,NULL,'2017-03-13',NULL),
('221','81','1','5','4','1',NULL,NULL,NULL,NULL,'1 post for apco twitter','<p>1 post for apco twitter</p>','28,27',NULL,'2017-03-14','2017-03-24 12:16:35',NULL,NULL,NULL,'2017-03-14',NULL),
('222','79','1','5','4','1',NULL,NULL,NULL,NULL,'1 post of hp in twitter page','<p>1 post of hp in twitter page.</p>','28,27',NULL,'2017-03-14','2017-03-24 12:19:15',NULL,NULL,NULL,'2017-03-14',NULL),
('223','74','1','5','4','1',NULL,NULL,NULL,NULL,'created external links for bodhi website','<p>created external links for bodhi website</p>','21,28,27',NULL,'2017-03-14','2017-03-24 12:20:17',NULL,NULL,NULL,'2017-03-14',NULL),
('224','80','1','5','4','1',NULL,NULL,NULL,NULL,'created external links for apco website','<p>created external links for apco website</p>','21,28,27',NULL,'2017-03-14','2017-03-24 12:21:42',NULL,NULL,NULL,'2017-03-14',NULL),
('225','82','1','5','4','1',NULL,NULL,NULL,NULL,'1 post for alfarooj fb page','<p>1 post for alfarooj fb page</p>','28,27',NULL,'2017-03-15','2017-03-24 12:22:53',NULL,NULL,NULL,'2017-03-15',NULL),
('226','79','1','5','4','1',NULL,NULL,NULL,NULL,'1 post  posted for HP twitter & fb page','<p>1 post &nbsp;posted for HP twitter&amp; fb page&nbsp;</p>','28,27',NULL,'2017-03-15','2017-03-24 12:25:01',NULL,NULL,NULL,'2017-03-15',NULL),
('227','81','1','5','4','1',NULL,NULL,NULL,NULL,'created backlinks for bodhi website','<p>created backlinks for bodhi website</p>','28,27',NULL,'2017-03-15','2017-03-24 12:30:01',NULL,NULL,NULL,'2017-03-15',NULL),
('228','74','1','5','4','1',NULL,NULL,NULL,NULL,'posted vaccancy poster in instagram ,twitter accounts of bodhi','<p>posted vaccancy poster in instagram ,twitter accounts of bodhi</p>','21,28,27',NULL,'2017-03-17','2017-03-24 12:32:15',NULL,NULL,NULL,'2017-03-17',NULL),
('229','81','1','5','4','1',NULL,NULL,NULL,NULL,'1 post  posted for instagram of apco  & twitter page','<p>1 post &nbsp;posted for instagram of apco &nbsp;&amp; twitter page</p>','28,27',NULL,'2017-03-17','2017-03-24 12:34:59',NULL,NULL,NULL,'2017-03-17',NULL),
('230','74','1','5','4','1',NULL,NULL,NULL,NULL,'collected some back links for bodhi','<p>collected some back links for bodhi</p>','21,28,27',NULL,'2017-03-17','2017-03-24 12:36:19',NULL,NULL,NULL,'2017-03-17',NULL),
('231','80','1','5','4','1',NULL,NULL,NULL,NULL,'collected some back links for apco','<p>collected some back links for apco</p>','21,28,27',NULL,'2017-03-17','2017-03-24 12:40:27',NULL,NULL,NULL,'2017-03-17',NULL),
('232','79','1','5','4','1',NULL,NULL,NULL,NULL,'1 post  posted for HP twitter& fb page','<p>1 post &nbsp;posted for HP twitter&amp; fb page&nbsp;</p>','28,27',NULL,'2017-03-18','2017-03-24 12:42:06',NULL,NULL,NULL,'2017-03-18',NULL),
('233','74','1','5','4','1',NULL,NULL,NULL,NULL,'created backlinks for bodhi website','<p>created backlinks for bodhi website</p>','21,28,27',NULL,NULL,'2017-03-24 12:44:11',NULL,NULL,NULL,NULL,NULL),
('234','82','1','5','4','1',NULL,NULL,NULL,NULL,'paid promotion of broast alfarooj fb page','<p>paid promotion of broast alfarooj fb page</p>','28,27',NULL,'2017-03-18','2017-03-24 12:45:36',NULL,NULL,NULL,'2017-03-18',NULL),
('235','81','1','5','4','1',NULL,NULL,NULL,NULL,'recruitment poster for apco fb page','<p>recruitment poster for apco fb page</p>','28,27',NULL,'2017-03-18','2017-03-24 12:46:24',NULL,NULL,NULL,'2017-03-18',NULL),
('236','81','1','5','4','1',NULL,NULL,NULL,NULL,'posted 1 post in apco instagram & twitter account','<p>posted 1 post in apco instagram &amp; twitter account</p>','28,27',NULL,'2017-03-18','2017-03-24 12:48:20',NULL,NULL,NULL,'2017-03-18',NULL),
('237','82','1','5','4','1',NULL,NULL,NULL,NULL,'1 post for alfarooj fb page','<p>1 post for alfarooj fb page</p>','28,27',NULL,'2017-03-20','2017-03-24 15:24:36',NULL,NULL,NULL,'2017-03-20',NULL),
('238','81','1','5','4','1',NULL,NULL,NULL,NULL,'2 post for apco twitter & instagram','<p>&nbsp;2 post for apco twitter &amp; instagram&nbsp;</p>',NULL,NULL,'2017-03-20','2017-03-24 15:26:18',NULL,NULL,NULL,'2017-03-20',NULL),
('239','74','1','5','4','1',NULL,NULL,NULL,NULL,'created backlinks for bodhi website','<p>created backlinks for bodhi website</p>','21,28,27',NULL,'2017-03-20','2017-03-24 15:27:10',NULL,NULL,NULL,'2017-03-20',NULL),
('240','82','1','5','4','1',NULL,NULL,NULL,NULL,'1 post for alfarooj fb page','<p>1 post for alfarooj fb page</p>','28,27',NULL,'2017-03-21','2017-03-24 15:28:43',NULL,NULL,NULL,'2017-03-21',NULL),
('241','74','1','5','4','1',NULL,NULL,NULL,NULL,'created backlinks for bodhi website','<p>created backlinks for bodhi website</p>','21,28,27',NULL,'2017-03-21','2017-03-24 15:29:23',NULL,NULL,NULL,'2017-03-21',NULL),
('242','81','1','5','4','1',NULL,NULL,NULL,NULL,'posted 1 post in instagram of apco','<p>posted 1 post in instagram of apco</p>','28,27',NULL,'2017-03-21','2017-03-24 15:31:13',NULL,NULL,NULL,'2017-03-21',NULL),
('243','74','1','5','4','1',NULL,NULL,NULL,NULL,'scheduled the water day posters of bodhi','<p>scheduled the water day posters of bodhi</p>','21,28,27',NULL,'2017-03-21','2017-03-24 15:32:17',NULL,NULL,NULL,'2017-03-21',NULL),
('244','82','1','5','4','1',NULL,NULL,NULL,NULL,'scheduled waterday poster for alfarooj','<p>&nbsp;scheduled waterday poster for alfarooj</p>','28,27',NULL,'2017-03-21','2017-03-24 15:33:33',NULL,NULL,NULL,'2017-03-21',NULL),
('245','81','1','5','4','1',NULL,NULL,NULL,NULL,'scheduled the water day posters of apco','<p>scheduled the water day posters of apco</p>','28,27',NULL,'2017-03-21','2017-03-24 15:35:39',NULL,NULL,NULL,'2017-03-21',NULL),
('246','88','1','5','4','1',NULL,NULL,NULL,NULL,'scheduled the water day posters of dekolex','<p>scheduled the water day posters of dekolex</p>','23,28,27',NULL,'2017-03-21','2017-03-24 15:36:28',NULL,NULL,NULL,'2017-03-21',NULL),
('247','79','1','5','4','1',NULL,NULL,NULL,NULL,'scheduled the water day posters of HP','<p>scheduled the water day posters of HP</p>','28,27',NULL,'2017-03-21','2017-03-24 15:37:18',NULL,NULL,NULL,'2017-03-21',NULL),
('248','74','1','5','4','1',NULL,NULL,NULL,NULL,'waterday poster posted in instagram & twitter','<p>waterday poster posted in instagram &amp; twitter of bodhi</p>','21,28,27',NULL,'2017-03-22','2017-03-24 16:00:01',NULL,NULL,NULL,'2017-03-22',NULL),
('249','81','1','5','4','1',NULL,NULL,NULL,NULL,'waterday poster posted in instagram  of apco','<p>waterday poster posted in instagram &nbsp;of apco</p>','28,27',NULL,'2017-03-22','2017-03-24 16:01:10',NULL,NULL,NULL,'2017-03-22',NULL),
('250','74','1','5','4','1',NULL,NULL,NULL,NULL,'created backlinks for bodhi website','<p>created backlinks for bodhi website</p>','21,28,27',NULL,'2017-03-22','2017-03-24 17:00:56',NULL,NULL,NULL,'2017-03-22',NULL),
('251','79','1','5','4','1',NULL,NULL,NULL,NULL,'1 post for hp fb page & twitter','<p>1 post for hp fb page &amp; twitter</p>','28,27',NULL,'2017-03-22','2017-03-24 17:33:39',NULL,NULL,NULL,'2017-03-22',NULL),
('252','74','1','5','4','1',NULL,NULL,NULL,NULL,'created backlinks for bodhi website','<p>created backlinks for bodhi website</p>','21,28,27',NULL,'2017-03-23','2017-03-24 17:34:41',NULL,NULL,NULL,'2017-03-23',NULL),
('253','74','1','5','4','1',NULL,NULL,NULL,NULL,'done the keyword research for bodhi','<p>done the keyword research for bodhi</p>','21,28,27',NULL,'2017-03-23','2017-03-24 17:35:26',NULL,NULL,NULL,'2017-03-23',NULL),
('254','81','1','5','4','1',NULL,NULL,NULL,NULL,'posted a poster in instagram ,twitter account of apco','<p>posted a poster in instagram ,twitter account of apco</p>','28,27',NULL,'2017-03-23','2017-03-24 17:37:15',NULL,NULL,NULL,'2017-03-23',NULL),
('255','74','1','5','4','1',NULL,NULL,NULL,NULL,'checked the domain authority,page authority,moz rank which we created backlinks for bodhi','<p>checked the domain authority,page authority,moz rank which we created backlinks for bodhi</p>','21,28,27',NULL,'2017-03-23','2017-03-24 17:38:35',NULL,NULL,NULL,'2017-03-23',NULL),
('256','82','1','5','4','1',NULL,NULL,NULL,NULL,'paid promotion done for alfarooj fb page','<p>paid promotion done for alfarooj fb page</p>','28,27',NULL,'2017-03-24','2017-03-24 17:39:25',NULL,NULL,NULL,'2017-03-24',NULL),
('257','81','1','5','4','1',NULL,NULL,NULL,NULL,'posted the poster in apco  instagram','<p>posted the poster in apco &nbsp;instagram</p>','28,27',NULL,'2017-03-24','2017-03-24 17:41:20',NULL,NULL,NULL,'2017-03-24',NULL),
('258','74','1','5','4','1',NULL,NULL,NULL,NULL,'done google indexing for the above build backlinks for bodhi','<p>done google indexing for the above build backlinks for bodhi</p>','21,28,27',NULL,'2017-03-24','2017-03-24 17:42:31',NULL,NULL,NULL,'2017-03-24',NULL),
('259','87','1','5','4','1',NULL,NULL,NULL,NULL,'Db creation',NULL,'14',NULL,'2017-03-25','2017-03-25 10:30:39',NULL,NULL,NULL,'2017-03-25','100'),
('260','55','1','5','4','1',NULL,NULL,NULL,'3','Deploy for Testing',NULL,'3','10','2017-03-27','2017-03-27 10:34:00',NULL,NULL,NULL,'2017-03-25','70'),
('261','7','1','5','4','1',NULL,NULL,NULL,'3','Markaz Searching option changes',NULL,'19',NULL,NULL,'2017-03-28 09:58:17',NULL,NULL,NULL,NULL,NULL),
('262','87','1','5','4','1',NULL,NULL,NULL,NULL,'Slider Image ( Banner)','<p>Module add edit and delete</p>','19',NULL,NULL,'2017-03-28 09:59:39',NULL,NULL,NULL,NULL,NULL),
('263','87','1','5','4','1',NULL,NULL,NULL,NULL,'Product Type Module',NULL,'19',NULL,NULL,'2017-03-30 09:23:22',NULL,NULL,NULL,NULL,NULL),
('264','87','1','5','4','1',NULL,NULL,NULL,NULL,'product module',NULL,'19',NULL,NULL,'2017-03-30 15:14:32',NULL,NULL,NULL,NULL,NULL),
('265','89','1','5','4','1',NULL,NULL,NULL,NULL,'Brown town Project screen designing','<p>Designing screens</p>\r\n\r\n<p>Unexpected leave on 5th.</p>\r\n\r\n<p>Issues found in devices. Nedd to take more time.</p>','17','18','2017-04-11','2017-04-03 10:19:01',NULL,NULL,NULL,'2017-04-03','80'),
('266','90','1','5','4','1',NULL,NULL,NULL,NULL,'Code changes','<p>1.Password saving problem.</p>\r\n\r\n<p>2.Change password</p>\r\n\r\n<p>3.Some problem found in photo and brochure uploading.</p>\r\n\r\n<p>&nbsp;</p>\r\n\r\n<p>&nbsp;</p>','14',NULL,NULL,'2017-04-05 09:54:45',NULL,NULL,NULL,NULL,NULL),
('267','45','1','5','4','1',NULL,NULL,NULL,'3','Home screen Design - Slider implementation , Design','<p>Concentrate on Home screen slider - design a customised one so we can re-use in future.</p>','22','10','2017-04-11','2017-04-08 10:32:43',NULL,NULL,NULL,'2017-04-08','10'),
('268','45','1','5','4','1',NULL,NULL,NULL,'3','Staff module - Tracker screen design','<p>Tracker screen - full design logic with dummy data</p>','10','8','2017-04-11','2017-04-08 10:39:11',NULL,NULL,NULL,'2017-04-08','5'),
('269','91','1','5','4','1',NULL,NULL,NULL,NULL,'EKC - Student Project','<p>EKC - Student Project explanation and implementation</p>','10','2','2017-04-08','2017-04-08 10:41:14',NULL,NULL,NULL,'2017-04-08','5'),
('270','91','1','5','4','1',NULL,NULL,NULL,NULL,'Student Project - Java Desktop Application','<p>Learning Java Fx Learning</p>','10','2','2017-04-08','2017-04-08 10:43:45',NULL,NULL,NULL,'2017-04-08','5'),
('271','55','1','5','2','1',NULL,NULL,NULL,'3','Raw Material Purchase',NULL,'3','4','2017-04-08','2017-04-08 10:44:13',NULL,NULL,NULL,'2017-04-08','20'),
('272','94','1','5','4','1',NULL,NULL,NULL,NULL,'Vadakara CEV (Anju) - Mobile Workshop Tracking system','<p>FCM - push implementation</p>','22','2','2017-04-08','2017-04-08 10:46:11',NULL,NULL,NULL,'2017-04-08','5'),
('273','95','1','5','4','1',NULL,NULL,NULL,'3','ContextBasedDiversifiedXML_Search_Update',NULL,'15',NULL,NULL,'2017-04-08 10:47:06',NULL,NULL,NULL,NULL,NULL),
('274','94','1','3','4','1',NULL,NULL,NULL,NULL,'CEV(Anwar) - DTH management System','<p>Project configuration &amp; delivery</p>','22','1','2017-04-08','2017-04-08 10:48:13',NULL,NULL,NULL,'2017-04-08','5');

CREATE TABLE IF NOT EXISTS `tasks_comments` (
  `id` int(11) NOT NULL AUTO_INCREMENT,
  `tasks_id` int(11) NOT NULL DEFAULT '0',
  `created_by` int(11) DEFAULT NULL,
  `tasks_status_id` int(11) DEFAULT NULL,
  `tasks_priority_id` int(11) DEFAULT NULL,
  `due_date` date DEFAULT NULL,
  `worked_hours` float DEFAULT NULL,
  `description` text,
  `created_at` datetime DEFAULT NULL,
  `progress` int(11) DEFAULT NULL,
  PRIMARY KEY (`id`),
  KEY `fk_tasks_comments_pople` (`created_by`),
  KEY `fk_tasks_comments_tasks` (`tasks_id`),
  KEY `fk_tasks_comments_status` (`tasks_status_id`),
  KEY `fk_tasks_comments_priority` (`tasks_priority_id`),
  CONSTRAINT `tasks_comments_ibfk_1` FOREIGN KEY (`tasks_id`) REFERENCES `tasks` (`id`) ON DELETE CASCADE ON UPDATE CASCADE,
  CONSTRAINT `tasks_comments_ibfk_2` FOREIGN KEY (`created_by`) REFERENCES `users` (`id`) ON DELETE SET NULL ON UPDATE SET NULL,
  CONSTRAINT `tasks_comments_ibfk_3` FOREIGN KEY (`tasks_status_id`) REFERENCES `tasks_status` (`id`) ON DELETE SET NULL ON UPDATE SET NULL,
  CONSTRAINT `tasks_comments_ibfk_4` FOREIGN KEY (`tasks_priority_id`) REFERENCES `tasks_priority` (`id`) ON DELETE SET NULL ON UPDATE SET NULL
) ENGINE=InnoDB AUTO_INCREMENT=80 DEFAULT CHARSET=utf8;

INSERT IGNORE INTO tasks_comments VALUES
('25','30','16','7',NULL,NULL,NULL,NULL,'2016-04-07 11:12:35',NULL),
('26','32','3',NULL,NULL,NULL,NULL,'Assigned To: Irshad','2016-07-19 15:23:19',NULL),
('27','33','3',NULL,NULL,NULL,NULL,'Assigned To: Irshad','2016-07-19 15:23:34',NULL),
('28','40','3',NULL,NULL,NULL,NULL,'Assigned To: Farhana','2016-07-20 10:34:40',NULL),
('29','29','5','3',NULL,NULL,NULL,NULL,'2016-07-29 12:19:20',NULL),
('30','56','5','7',NULL,NULL,NULL,NULL,'2016-09-19 16:35:10',NULL),
('31','56','5',NULL,NULL,NULL,NULL,'Assigned To: Anas','2016-09-19 16:35:10',NULL),
('32','55','20','7',NULL,NULL,NULL,NULL,'2016-09-19 16:36:59',NULL),
('33','55','20',NULL,NULL,NULL,NULL,'Assigned To: Irshad','2016-09-19 16:36:59',NULL),
('34','59','10','3','2','2016-11-16','6','<p>Working on it</p>','2016-11-15 11:48:51',NULL),
('35','63','10',NULL,NULL,NULL,NULL,'<p>Floating widget is nothing but the view that is drawn over other applications. Android system allows applications to draw over other application if the application has android.permission.SYSTEM_ALERT_WINDOW permission. We are going to use the background service to add the floating widget into the view hierarchy of the current screen. So, this floating view is always on top of application windows.</p>','2016-12-02 11:23:19',NULL),
('36','63','10',NULL,NULL,NULL,NULL,'<p>Android system allows applications to draw over other application if the application has android.permission.SYSTEM_ALERT_WINDOW permission.</p>','2016-12-02 11:23:44',NULL),
('37','63','10',NULL,NULL,NULL,NULL,'<p>Floating widget is nothing but the view that is drawn over other applications.</p>','2016-12-02 11:24:00',NULL),
('38','63','10',NULL,NULL,NULL,NULL,'<p>We are going to use the background service to add the floating widget into the view hierarchy of the current screen. So, this floating view is always on top of application windows.</p>','2016-12-02 11:24:18',NULL),
('39','64','3','7',NULL,NULL,NULL,NULL,'2016-12-03 12:00:26',NULL),
('40','40','3','7',NULL,NULL,NULL,NULL,'2016-12-26 13:07:09',NULL),
('41','41','3','7',NULL,NULL,NULL,NULL,'2016-12-26 13:07:30',NULL),
('43','65','14','7',NULL,'2016-12-27',NULL,NULL,'2016-12-30 06:29:13',NULL),
('44','72','11',NULL,NULL,NULL,NULL,'<p>hi</p>\r\n\r\n<p>My task is completed by 50%</p>','2017-01-04 09:24:07',NULL),
('45','67','19',NULL,NULL,NULL,NULL,'insertion is completed. deletion is almost completed.','2017-01-04 10:05:16',NULL),
('46','67','19',NULL,NULL,NULL,NULL,'branch delete completef','2017-01-04 14:52:18',NULL),
('47','67','19',NULL,NULL,NULL,NULL,'edit also completed','2017-01-05 14:38:44',NULL),
('48','67','19',NULL,NULL,NULL,NULL,'edit also completed','2017-01-05 14:39:06',NULL),
('49','71','19',NULL,NULL,NULL,NULL,'80% work completed. completed insertion edit and deletr','2017-01-05 17:34:39',NULL),
('50','75','14','7',NULL,NULL,NULL,NULL,'2017-02-24 10:18:49',NULL),
('51','87','10','7',NULL,NULL,NULL,NULL,'2017-02-24 10:37:48',NULL),
('52','100','18','7',NULL,NULL,NULL,NULL,'2017-02-25 15:55:57',NULL),
('53','94','22','7',NULL,NULL,NULL,NULL,'2017-02-27 09:43:53',NULL),
('54','91','3','7',NULL,NULL,NULL,NULL,'2017-02-27 09:56:21',NULL),
('55','91','17','1',NULL,NULL,NULL,NULL,'2017-02-27 09:57:42',NULL),
('56','91','17','7',NULL,NULL,NULL,NULL,'2017-02-27 10:02:20',NULL),
('57','122','17','7',NULL,NULL,NULL,NULL,'2017-03-02 10:22:40',NULL),
('58','149','24',NULL,NULL,NULL,NULL,'Assigned To: Mohammed Shafeeque','2017-03-02 10:41:37',NULL),
('59','149','16','7',NULL,NULL,NULL,NULL,'2017-03-02 10:42:18',NULL),
('60','78','3','7',NULL,NULL,NULL,NULL,'2017-03-03 10:12:13',NULL),
('61','165','3','1',NULL,NULL,NULL,NULL,'2017-03-04 17:15:15',NULL),
('62','97','14',NULL,NULL,NULL,NULL,'enquiry adding time, service is in block. null data getting in android side','2017-03-07 16:23:33',NULL),
('63','116','10','7',NULL,NULL,NULL,NULL,'2017-03-08 11:06:49',NULL),
('64','117','10','7',NULL,NULL,NULL,NULL,'2017-03-08 11:07:42',NULL),
('65','113','10','7',NULL,NULL,NULL,NULL,'2017-03-08 11:08:15',NULL),
('66','121','10','7',NULL,NULL,NULL,NULL,'2017-03-08 11:08:34',NULL),
('67','118','10','7',NULL,NULL,NULL,NULL,'2017-03-08 11:08:53',NULL),
('68','120','10','7',NULL,NULL,NULL,NULL,'2017-03-08 11:09:10',NULL),
('69','88','10','7',NULL,NULL,NULL,NULL,'2017-03-08 11:09:52',NULL),
('70','139','3','7',NULL,NULL,NULL,NULL,'2017-03-22 15:18:05',NULL),
('71','181','22','7',NULL,NULL,NULL,NULL,'2017-04-08 10:33:56',NULL),
('72','74','15','7',NULL,NULL,NULL,NULL,'2017-04-08 10:41:30',NULL),
('73','174','10','7',NULL,NULL,NULL,NULL,'2017-04-08 10:49:13',NULL),
('74','59','10','7',NULL,NULL,NULL,NULL,'2017-04-08 10:49:51',NULL),
('75','182','10','7',NULL,NULL,NULL,NULL,'2017-04-08 10:50:10',NULL),
('76','63','10','7',NULL,NULL,NULL,NULL,'2017-04-08 10:50:33',NULL),
('77','183','10','7',NULL,NULL,NULL,NULL,'2017-04-08 10:50:49',NULL),
('78','191','10','7',NULL,NULL,NULL,NULL,'2017-04-08 10:51:09',NULL),
('79','180','10','7',NULL,NULL,NULL,NULL,'2017-04-08 10:51:22',NULL);

CREATE TABLE IF NOT EXISTS `user_reports` (
  `id` int(11) NOT NULL AUTO_INCREMENT,
  `users_id` int(11) NOT NULL DEFAULT '0',
  `name` varchar(255) NOT NULL DEFAULT '',
  `display_on_home` tinyint(1) DEFAULT NULL,
  `projects_id` text,
  `projects_type_id` text,
  `projects_status_id` text,
  `assigned_to` text,
  `tasks_status_id` text,
  `tasks_type_id` text,
  `tasks_label_id` text,
  `due_date_from` date DEFAULT NULL,
  `due_date_to` date DEFAULT NULL,
  `created_from` date DEFAULT NULL,
  `created_to` date DEFAULT NULL,
  `closed_from` date DEFAULT NULL,
  `closed_to` date DEFAULT NULL,
  `sort_order` int(11) DEFAULT NULL,
  PRIMARY KEY (`id`),
  KEY `fk_user_reports_users` (`users_id`),
  CONSTRAINT `user_reports_ibfk_1` FOREIGN KEY (`users_id`) REFERENCES `users` (`id`) ON DELETE CASCADE ON UPDATE CASCADE
) ENGINE=InnoDB AUTO_INCREMENT=9 DEFAULT CHARSET=utf8;

INSERT IGNORE INTO user_reports VALUES
('1','3','My Tasks','1',NULL,NULL,NULL,'3','1,3,4,5',NULL,NULL,NULL,NULL,NULL,NULL,NULL,NULL,NULL),
('2','13','My Task','1',NULL,NULL,NULL,'13',NULL,NULL,NULL,NULL,NULL,NULL,NULL,NULL,NULL,NULL),
('3','20','My Project','1',NULL,NULL,NULL,'20','1',NULL,NULL,NULL,NULL,NULL,NULL,NULL,NULL,NULL),
('4','21','Mobinion-Task','1','27',NULL,NULL,'21',NULL,NULL,NULL,NULL,NULL,NULL,NULL,NULL,NULL,NULL),
('6','14','changes','1',NULL,NULL,NULL,'19',NULL,NULL,NULL,NULL,NULL,NULL,NULL,NULL,NULL,NULL),
('7','5','My Tasks','1',NULL,NULL,NULL,NULL,NULL,NULL,NULL,NULL,NULL,NULL,NULL,NULL,NULL,NULL),
('8','15','My task','1',NULL,NULL,NULL,'15',NULL,NULL,NULL,NULL,NULL,NULL,NULL,NULL,NULL,NULL);

CREATE TABLE IF NOT EXISTS `discussions` (
  `id` int(11) NOT NULL AUTO_INCREMENT,
  `projects_id` int(11) NOT NULL DEFAULT '0',
  `users_id` int(11) DEFAULT NULL,
  `discussions_status_id` int(11) DEFAULT NULL,
  `name` varchar(255) NOT NULL DEFAULT '',
  `description` text,
  `assigned_to` varchar(255) NOT NULL DEFAULT '',
  PRIMARY KEY (`id`),
  KEY `fk_discussions_projects` (`projects_id`),
  KEY `fk_discussions_users` (`users_id`),
  KEY `fk_discussions_discussions_status` (`discussions_status_id`),
  CONSTRAINT `discussions_ibfk_1` FOREIGN KEY (`projects_id`) REFERENCES `projects` (`id`) ON DELETE CASCADE ON UPDATE CASCADE,
  CONSTRAINT `discussions_ibfk_2` FOREIGN KEY (`users_id`) REFERENCES `users` (`id`) ON DELETE SET NULL ON UPDATE SET NULL,
  CONSTRAINT `discussions_ibfk_3` FOREIGN KEY (`discussions_status_id`) REFERENCES `discussions_status` (`id`) ON DELETE SET NULL ON UPDATE SET NULL
) ENGINE=InnoDB AUTO_INCREMENT=11 DEFAULT CHARSET=utf8;

INSERT IGNORE INTO discussions VALUES
('6','8','15','1','Mess Application','<p>testing tes</p>','3,13'),
('8','57','3','1','App name suggestions','<p>Hi all,<br />\r\n&nbsp;please suggest a name for our final android app.</p>','3,7,9,23,24,20,5,14,19,10,18,21,16,22,15,11,17,8'),
('9','61','11','1','Frame work','Which frame work we need to use','3,11,14,19'),
('10','27','3','1','Mobinion-iOS','<p>available in Appstore</p>','3,7');

CREATE TABLE IF NOT EXISTS `discussions_comments` (
  `id` int(11) NOT NULL AUTO_INCREMENT,
  `discussions_id` int(11) NOT NULL DEFAULT '0',
  `users_id` int(11) DEFAULT NULL,
  `discussions_status_id` int(11) DEFAULT NULL,
  `description` text,
  `created_at` datetime DEFAULT NULL,
  PRIMARY KEY (`id`),
  KEY `fk_discussions_comments_discussions` (`discussions_id`),
  KEY `fk_discussions_comments_users` (`users_id`),
  KEY `fk_discussions_status_id` (`discussions_status_id`),
  CONSTRAINT `discussions_comments_ibfk_1` FOREIGN KEY (`discussions_id`) REFERENCES `discussions` (`id`) ON DELETE CASCADE ON UPDATE CASCADE,
  CONSTRAINT `discussions_comments_ibfk_2` FOREIGN KEY (`users_id`) REFERENCES `users` (`id`) ON DELETE SET NULL ON UPDATE SET NULL,
  CONSTRAINT `discussions_comments_ibfk_3` FOREIGN KEY (`discussions_status_id`) REFERENCES `discussions_status` (`id`) ON DELETE SET NULL ON UPDATE SET NULL
) ENGINE=InnoDB AUTO_INCREMENT=20 DEFAULT CHARSET=utf8;

INSERT IGNORE INTO discussions_comments VALUES
('13','8','10',NULL,'<p>Hi test message</p>','2016-11-15 10:11:13'),
('14','9','11',NULL,'Hi all, which frame work we ll use for this work','2016-12-26 12:33:55'),
('15','9','3','1','<p>Akhila &nbsp; ?</p>','2016-12-26 12:35:59'),
('16','9','14',NULL,'I think we can start codeigniter','2016-12-26 12:39:58'),
('17','9','3',NULL,'we ll have normal linux hosting without ssh,\nit should possible to deploye anywhere','2016-12-26 12:40:55'),
('18','9','14',NULL,'Yes i think','2016-12-26 12:43:30'),
('19','9','14',NULL,'We want check with one simple application','2016-12-26 12:44:14');

CREATE TABLE IF NOT EXISTS `discussions_reports` (
  `id` int(11) NOT NULL AUTO_INCREMENT,
  `users_id` int(11) NOT NULL DEFAULT '0',
  `name` varchar(255) NOT NULL DEFAULT '',
  `display_on_home` tinyint(1) DEFAULT NULL,
  `projects_id` text,
  `projects_type_id` text,
  `projects_status_id` text,
  `discussions_status_id` text,
  `sort_order` int(11) DEFAULT NULL,
  PRIMARY KEY (`id`),
  KEY `users_id` (`users_id`),
  CONSTRAINT `discussions_reports_ibfk_1` FOREIGN KEY (`users_id`) REFERENCES `users` (`id`) ON DELETE CASCADE ON UPDATE CASCADE
) ENGINE=InnoDB AUTO_INCREMENT=2 DEFAULT CHARSET=utf8;

INSERT IGNORE INTO discussions_reports VALUES
('1','3','Discussions','1',NULL,NULL,NULL,NULL,NULL);

